FECHA,DEPARTAMENTO,MUNICIPIO,DIA,HORA,BARRIO,ZONA ,CLASE DE SITIO ,ARMA O MEDIO,MOVIL VICTIMA ,MOVIL AGRESOR ,EDAD ,GENERO ,ESTADO CIVIL,CLASE EMPLEADO,PROFESION,ESCOLARIDAD,PAIS NACE,CODIGO DANE ,2012
04/01/2012 12:00:00 AM,MAGDALENA,ARIGUANÍ,Miércoles,15:00,-,URBANA,VIAS PUBLICAS,NO REPORTADO,A PIE,A PIE,-,MASCULINO,UNION LIBRE,COMERCIANTE,NO REPORTADA,NO REPORTADA,COLOMBIA,"23,466,000",1
05/01/2012 12:00:00 AM,CUNDINAMARCA,BOGOTÁ D.C. (CT),Jueves,23:00,SAN LUIS E-13,URBANA,TRANSPORTE PÚBLICO,NO REPORTADO,A PIE,A PIE,-,FEMENINO,NO REPORTADA,COMERCIANTE,NO REPORTADA,NO REPORTADA,COLOMBIA,"11,001,000",1
05/01/2012 12:00:00 AM,CHOCÓ,QUIBDÓ (CT),Jueves,19:30,-,URBANA,VIAS PUBLICAS,NO REPORTADO,A PIE,A PIE,41,MASCULINO,CASADO,COMERCIANTE,NO REPORTADA,PRIMARIA,COLOMBIA,"17,174,000",1
08/01/2012 12:00:00 AM,CESAR,EL PASO,Domingo,5:00,PUENTE CANOA,RURAL,CASAS DE HABITACION,ARMA BLANCA / CORTOPUNZANTE,VEHICULO,A PIE,0,FEMENINO,SOLTERO,EMPLEADO PARTICULAR,NO REPORTADA,NO REPORTADA,COLOMBIA,"81,065,000",1
09/01/2012 12:00:00 AM,CUNDINAMARCA,BOGOTÁ D.C. (CT),Lunes,0:30,CIUDAD SALITRE II E-13,URBANA,VIAS PUBLICAS,ARMA BLANCA / CORTOPUNZANTE,A PIE,VEHICULO,26,FEMENINO,SOLTERO,EMPLEADO SALUD,MEDICO,SUPERIOR,COLOMBIA,"52,838,000",1
10/01/2012 12:00:00 AM,CUNDINAMARCA,BOGOTÁ D.C. (CT),Martes,10:00,BELLA VISTA SUR E-4,URBANA,CASAS DE HABITACION,ARMA BLANCA / CORTOPUNZANTE,A PIE,A PIE,11,MASCULINO,SOLTERO,EMPLEADO PARTICULAR,NO REPORTADA,SECUNDARIA,COLOMBIA,"76,109,000",1
10/01/2012 12:00:00 AM,VALLE,CALI (CT),Martes,16:00,REMANSOS DE COMFANDI E21,URBANA,VIAS PUBLICAS,NO REPORTADO,A PIE,A PIE,41,MASCULINO,UNION LIBRE,EMPLEADO PARTICULAR,NO REPORTADA,SUPERIOR,COLOMBIA,"5,045,000",1
11/01/2012 12:00:00 AM,BOYACÁ,CALDAS,Miércoles,17:45,VDA. CUBO,RURAL,CASAS DE HABITACION,ARMA BLANCA / CORTOPUNZANTE,VEHICULO,A PIE,62,MASCULINO,SOLTERO,AGRICULTOR,NO REPORTADA,NO REPORTADA,COLOMBIA,"19,809,000",1
12/01/2012 12:00:00 AM,CUNDINAMARCA,BOGOTÁ D.C. (CT),Jueves,20:00,BRASILIA I SECTOR E-7,URBANA,VIAS PUBLICAS,ARMA BLANCA / CORTOPUNZANTE,A PIE,A PIE,59,MASCULINO,CASADO,COMERCIANTE,NO REPORTADA,PRIMARIA,COLOMBIA,"76,109,000",1
12/01/2012 12:00:00 AM,VALLE,TULUÁ,Jueves,17:30,VDA. ALTO DE SAN RAFAEL,RURAL,FINCAS Y SIMILARES,NO REPORTADA,A PIE,CONDUCTOR MOTOCICLETA,62,MASCULINO,CASADO,GANADERO,NO REPORTADA,SECUNDARIA,COLOMBIA,"23,001,000",1
13/01/2012,ATLÁNTICO,BARRANQUILLA (CT),Viernes,20:30,-,URBANA,TRANSPORTE PÚBLICO,ARMA BLANCA / CORTOPUNZANTE,A PIE,A PIE,16,FEMENINO,SOLTERO,ESTUDIANTE,NO REPORTADA,SECUNDARIA,COLOMBIA,"68,307,000",1
15/01/2012,CUNDINAMARCA,BOGOTÁ D.C. (CT),Domingo,18:00,TERMINAL,URBANA,TERMINAL DE TRANSPORTES,ARMA BLANCA / CORTOPUNZANTE,A PIE,A PIE,-,FEMENINO,SOLTERO,COMERCIANTE,NO REPORTADA,NO REPORTADA,COLOMBIA,"68,307,000",1
17/01/2012,NARIÑO,TÚQUERRES,Martes,8:00,-,URBANA,VIAS PUBLICAS,ARMA BLANCA / CORTOPUNZANTE,A PIE,A PIE,50,MASCULINO,CASADO,COMERCIANTE,NO REPORTADA,SECUNDARIA,COLOMBIA,"68,307,000",1
19/01/2012,CUNDINAMARCA,BOGOTÁ D.C. (CT),Jueves,10:30,SAN BERNARDINO E-7,URBANA,FRENTE A COLEGIO NO REPORTADA VIA PUBLICA,ARMA BLANCA / CORTOPUNZANTE,A PIE,A PIE,18,MASCULINO,UNION LIBRE,EMPLEADO PARTICULAR,NO REPORTADA,TECNICO,COLOMBIA,"68,307,000",1
20/01/2012,CESAR,SAN ALBERTO,Viernes,10:00,-,URBANA,VEHICULO,ARMA BLANCA / CORTOPUNZANTE,A PIE,A PIE,42,MASCULINO,CASADO,GANADERO,NO REPORTADA,SECUNDARIA,COLOMBIA,"68,307,000",1
22/01/2012,CUNDINAMARCA,BOGOTÁ D.C. (CT),Domingo,16:20,PRADO VERANIEGO E-11,URBANA,LOCAL COMERCIAL,ARMA BLANCA / CORTOPUNZANTE,A PIE,A PIE,24,FEMENINO,SOLTERO,ESTUDIANTE,NO REPORTADA,SUPERIOR,COLOMBIA,"68,307,000",1
22/01/2012,NARIÑO,GUACHUCAL,Domingo,11:30,-,RURAL,FINCAS Y SIMILARES,ARMA BLANCA / CORTOPUNZANTE,A PIE,A PIE,34,MASCULINO,CASADO,EMPLEADO SALUD,MEDICO VETERINARIO,SUPERIOR,COLOMBIA,"68,307,000",1
22/01/2012,NARIÑO,IPIALES,Domingo,18:30,CORREGIMIENTO SAN JUAN,RURAL,FINCAS Y SIMILARES,ARMA BLANCA / CORTOPUNZANTE,A PIE,A PIE,25,FEMENINO,CASADO,EMPLEADO PARTICULAR,PSICOLOGO,SUPERIOR,COLOMBIA,"68,307,000",1
23/01/2012,TOLIMA,ROVIRA,Lunes,13:00,-,RURAL,FINCAS Y SIMILARES,ARMA BLANCA / CORTOPUNZANTE,VEHICULO,A PIE,21,FEMENINO,SOLTERO,COMERCIANTE,NO REPORTADA,SECUNDARIA,COLOMBIA,"17,616,000",1
27/01/2012,META,VILLAVICENCIO (CT),Viernes,15:00,COMUNEROS,URBANA,CASAS DE HABITACION,ARMA BLANCA / CORTOPUNZANTE,A PIE,A PIE,3,FEMENINO,SOLTERO,ESTUDIANTE,NO REPORTADA,ANALFABETA,COLOMBIA,"76,520,000",1
27/01/2012,CUNDINAMARCA,BOGOTÁ D.C. (CT),Viernes,8:00,LA GAITANA E-11,URBANA,BODEGAS Y SIMILARES,NO REPORTADO,A PIE,VEHICULO,-,FEMENINO,NO REPORTA,COMERCIANTE,NO REPORTADA,NO REPORTADA,COLOMBIA,"54,001,000",1
28/01/2012,CAQUETÁ,EL DONCELLO,Sábado,10:00,-,RURAL,FINCAS Y SIMILARES,NO REPORTADO,A PIE,VEHICULO,60,MASCULINO,UNION LIBRE,GANADERO,NO REPORTADA,NO REPORTADA,COLOMBIA,"54,001,000",1
30/01/2012,CUNDINAMARCA,SOACHA,Lunes,7:00,CENTRO COMERCIAL UNISUR,URBANA,CENTRO COMERCIAL,ARMA BLANCA / CORTOPUNZANTE,VEHICULO,A PIE,19,FEMENINO,SOLTERO,ESTUDIANTE,NO REPORTADA,SECUNDARIA,COLOMBIA,"44,847,000",1
01/02/2012 12:00:00 AM,CUNDINAMARCA,BOGOTÁ D.C. (CT),Miércoles,20:30,EL RETIRO I E-2,URBANA,FRENTE CENTRO COMERCIAL,ARMA BLANCA / CORTOPUNZANTE,A PIE,VEHICULO,25,FEMENINO,SOLTERO,EMPLEADO PARTICULAR,COMUNICADOR SOCIALNO REPORTADAPERIODISTA,SUPERIOR,COLOMBIA,"8,001,000",1
01/02/2012 12:00:00 AM,CUNDINAMARCA,BOGOTÁ D.C. (CT),Miércoles,18:00,CHICO NORTE I E-2,URBANA,TRANSPORTE PÚBLICO,NO REPORTADO,A PIE,A PIE,-,FEMENINO,NO REPORTADA,COMERCIANTE,NO REPORTADA,NO REPORTADA,COLOMBIA,"5,148,000",1
03/02/2012 12:00:00 AM,BOYACÁ,TASCO,Viernes,18:15,-,URBANA,CASAS DE HABITACION,NO REPORTADA,A PIE,A PIE,50,FEMENINO,CASADO,COMERCIANTE,NO REPORTADA,NO REPORTADA,COLOMBIA,"76,001,000",1
06/02/2012 12:00:00 AM,CUNDINAMARCA,BOGOTÁ D.C. (CT),Lunes,9:30,SAN BLAS E-4,URBANA,VIAS PUBLICAS,ARMA BLANCA / CORTOPUNZANTE,VEHICULO,A PIE,22,MASCULINO,UNION LIBRE,EMPLEADO POLICIAL,POLICIA,SECUNDARIA,COLOMBIA,"18,001,000",1
06/02/2012 12:00:00 AM,CUNDINAMARCA,BOGOTÁ D.C. (CT),Lunes,10:00,OINAR DEL CONTRY NORTE E-1,URBANA,VIAS PUBLICAS,ARMA BLANCA / CORTOPUNZANTE,A PIE,A PIE,29,MASCULINO,SOLTERO,CANDIDATOS,NO REPORTADA,PRIMARIA,COLOMBIA,"81,065,000",1
07/02/2012 12:00:00 AM,NARIÑO,LA CRUZ,Martes,8:30,-,RURAL,FINCAS Y SIMILARES,NO REPORTADO,A PIE,A PIE,50,FEMENINO,CASADO,EMPLEADO PARTICULAR,ABOGADO,SUPERIOR,COLOMBIA,"76,001,000",1
07/02/2012 12:00:00 AM,CUNDINAMARCA,BOGOTÁ D.C. (CT),Martes,21:00,URB. EL BATAN E-11,URBANA,VEHICULO,NO REPORTADO,A PIE,A PIE,37,MASCULINO,SOLTERO,EMPLEADO PARTICULAR,INGENIERO DE SISTEMAS,SUPERIOR,COLOMBIA,"18,001,000",1
13/02/2012,CUNDINAMARCA,BOGOTÁ D.C. (CT),Lunes,18:25,EL VERGEL E-14,URBANA,CASAS DE HABITACION,NO REPORTADO,A PIE,A PIE,20,FEMENINO,SOLTERO,ESTUDIANTE,NO REPORTADA,SECUNDARIA,COLOMBIA,"5,129,000",1
13/02/2012,CUNDINAMARCA,BOGOTÁ D.C. (CT),Lunes,18:00,URB. TIMIZA E-8,URBANA,FRENTE CLINICA U HOSPITAL NO REPORTADA VIA PUBLICA,NO REPORTADO,A PIE,VEHICULO,38,MASCULINO,UNION LIBRE,EMPLEADO PARTICULAR,ADMINISTRADOR DE EMPRESAS,SUPERIOR,COLOMBIA,"76,001,000",1
15/02/2012,TOLIMA,IBAGUÉ (CT),Miércoles,4:30,SIMON BOLIVAR,URBANA,VIAS PUBLICAS,ARMA BLANCA / CORTOPUNZANTE,VEHICULO,A PIE,14,FEMENINO,SOLTERO,ESTUDIANTE,NO REPORTADA,NO REPORTADA,COLOMBIA,"19,824,000",1
16/02/2012,VALLE,EL ÁGUILA,Jueves,10:11,VEREDA SANTA ELENA,RURAL,FINCAS Y SIMILARES,ARMA BLANCA / CORTOPUNZANTE,A PIE,A PIE,30,FEMENINO,SOLTERO,EMPLEADO PARTICULAR,INGENIERO,SUPERIOR,COLOMBIA,"52,696,000",1
17/02/2012,CESAR,GAMARRA,Viernes,17:30,-,URBANA,CARRETERA,ARMA BLANCA / CORTOPUNZANTE,A PIE,VEHICULO,73,MASCULINO,CASADO,GANADERO,NO REPORTADA,SECUNDARIA,COLOMBIA,"8,001,000",1
17/02/2012,CESAR,BOSCONIA,Viernes,7:00,-,URBANA,ESTACIONES DE SERVICIO,ARMA DE FUEGO,A PIE,A PIE,44,MASCULINO,CASADO,GANADERO,NO REPORTADA,TECNOLOGO,COLOMBIA,"86,001,000",1
17/02/2012,CASANARE,YOPAL (CT),Viernes,19:00,-,URBANA,PERIMETRO URBANO,ARMA BLANCA / CORTOPUNZANTE,CONDUCTOR TAXI,A PIE,22,FEMENINO,SOLTERO,ESTUDIANTE,COMERCIO INTERNACIONAL,SUPERIOR,COLOMBIA,"17,001,000",1
18/02/2012,ARAUCA,SARAVENA,Sábado,10:00,-,URBANA,NO DEFINIDO,ARMA BLANCA / CORTOPUNZANTE,A PIE,A PIE,-,MASCULINO,NO REPORTADA,EMPLEADO PARTICULAR,NO REPORTADA,NO REPORTADA,COLOMBIA,"5,001,000",1
18/02/2012,ARAUCA,SARAVENA,Sábado,13:45,-,URBANA,RODANDO SOBRE VIA NO REPORTADA VIA PUBLICA,NO REPORTADO,A PIE,VEHICULO,-,FEMENINO,SOLTERO,EMPLEADO PARTICULAR,NO REPORTADA,NO REPORTADA,COLOMBIA,"41,001,000",1
18/02/2012,ARAUCA,SARAVENA,Sábado,13:45,-,URBANA,RODANDO SOBRE VIA NO REPORTADA VIA PUBLICA,NO REPORTADO,A PIE,A PIE,-,FEMENINO,SOLTERO,EMPLEADO PARTICULAR,NO REPORTADA,SECUNDARIA,COLOMBIA,"52,788,000",1
18/02/2012,ARAUCA,SARAVENA,Sábado,13:45,-,URBANA,RODANDO SOBRE VIA NO REPORTADA VIA PUBLICA,ARMA BLANCA / CORTOPUNZANTE,A PIE,A PIE,-,MASCULINO,CASADO,EMPLEADO PARTICULAR,PUBLICISTA,SUPERIOR,COLOMBIA,"81,300,000",1
18/02/2012,META,SAN MARTÍN,Sábado,19:30,-,RURAL,RIOS,NO REPORTADO,A PIE,A PIE,20,MASCULINO,SOLTERO,ESTUDIANTE,NO REPORTADA,SUPERIOR,COLOMBIA,"76,001,000",1
19/02/2012,CASANARE,AGUAZUL,Domingo,1:00,-,URBANA,VIAS PUBLICAS,ARMA BLANCA / CORTOPUNZANTE,A PIE,A PIE,20,MASCULINO,UNION LIBRE,COMERCIANTE,NO REPORTADA,SECUNDARIA,COLOMBIA,"19,693,000",1
19/02/2012,CASANARE,AGUAZUL,Domingo,1:00,-,URBANA,VIAS PUBLICAS,ARMA DE FUEGO,VEHICULO,A PIE,19,FEMENINO,UNION LIBRE,EMPLEADO SALUD,NO REPORTADA,SECUNDARIA,COLOMBIA,"52,001,000",1
21/02/2012,GUAJIRA,RIOHACHA (CT),Martes,13:00,CENTRO,URBANA,VEHICULO,ARMA DE FUEGO,NO REPORTADA,NO REPORTADA,19,FEMENINO,SOLTERO,ESTUDIANTE,NO REPORTADA,SECUNDARIA,COLOMBIA,"76,001,000",1
22/02/2012,NORTE DE SANTANDER,CÚCUTA (CT),Miércoles,7:15,BARRIO LATINO,URBANA,CASAS DE HABITACION,NO REPORTADO,A PIE,A PIE,35,MASCULINO,SOLTERO,EMPLEADO PARTICULAR,NO REPORTADA,TECNICO,REPUBLICA DOMINICANA,"25,269,000",1
24/02/2012,CUNDINAMARCA,BOGOTÁ D.C. (CT),Viernes,10:15,VILLA ALSACIA E-8,URBANA,VIAS PUBLICAS,ARMA BLANCA / CORTOPUNZANTE,A PIE,CONDUCTOR TAXI,-,MASCULINO,NO REPORTADA,COMERCIANTE,NO REPORTADA,NO REPORTADA,COLOMBIA,"23,555,000",1
24/02/2012,BOYACÁ,SOGAMOSO,Viernes,12:00,EL LAGUITO,URBANA,CLINICAS Y SIMILARES,NO REPORTADO,A PIE,CONDUCTOR TAXI,0,FEMENINO,SOLTERO,NO REPORTA,NO REPORTADA,ANALFABETA,COLOMBIA,"23,001,000",1
24/02/2012,GUAJIRA,MAICAO,Viernes,17:30,CENTRO,URBANA,FRENTE A RESIDENCIAS NO REPORTADA VIA PUBLICA,NO REPORTADO,A PIE,A PIE,42,MASCULINO,SOLTERO,EMPLEADO PARTICULAR,NO REPORTADA,SECUNDARIA,LIBANO,"25,769,000",1
25/02/2012,VALLE,BUENAVENTURA,Sábado,10:30,NAYITA,URBANA,FRENTE A ALMACEN NO REPORTADA VIA PUBLICA,NO REPORTADO,A PIE,CONDUCTOR MOTOCICLETA,41,MASCULINO,SOLTERO,EMPLEADO ARMADA/MARINA,NO REPORTADA,SECUNDARIA,COLOMBIA,"23,162,000",1
25/02/2012,NORTE DE SANTANDER,CÚCUTA (CT),Sábado,7:15,BARRIO LATINO,URBANA,CASAS DE HABITACION,ARMA BLANCA / CORTOPUNZANTE,A PIE,A PIE,35,MASCULINO,CASADO,COMERCIANTE,NO REPORTADA,SECUNDARIA,REPUBLICA DOMINICANA,"23,001,000",1
28/02/2012,ARAUCA,TAME,Martes,5:00,VEREDA BAJO TAMACAY,RURAL,FINCAS Y SIMILARES,NO REPORTADO,A PIE,VEHICULO,25,MASCULINO,SOLTERO,EMPLEADO PARTICULAR,NO REPORTADA,PRIMARIA,COLOMBIA,"11,001,000",1
28/02/2012,ARAUCA,TAME,Martes,5:00,VEREDA BAJO TAMACAY,RURAL,FINCAS Y SIMILARES,ARMA DE FUEGO,A PIE,VEHICULO,37,MASCULINO,CASADO,EMPLEADO PARTICULAR,NO REPORTADA,NO REPORTADA,COLOMBIA,"17,001,000",1
28/02/2012,ARAUCA,TAME,Martes,5:00,VEREDA BAJO TAMACAY,RURAL,FINCAS Y SIMILARES,ARMA BLANCA / CORTOPUNZANTE,CONDUCTOR TAXI,A PIE,24,MASCULINO,SOLTERO,EMPLEADO PARTICULAR,NO REPORTADA,NO REPORTADA,COLOMBIA,"19,698,000",1
28/02/2012,ARAUCA,TAME,Martes,5:00,VEREDA BAJO TAMACAY,RURAL,FINCAS Y SIMILARES,ARMA BLANCA / CORTOPUNZANTE,VEHICULO,A PIE,34,MASCULINO,UNION LIBRE,EMPLEADO PARTICULAR,NO REPORTADA,NO REPORTADA,COLOMBIA,"73,168,000",1
28/02/2012,ARAUCA,TAME,Martes,5:00,VEREDA BAJO TAMACAY,RURAL,FINCAS Y SIMILARES,NO REPORTADO,VEHICULO,A PIE,24,MASCULINO,SOLTERO,EMPLEADO PARTICULAR,NO REPORTADA,NO REPORTADA,COLOMBIA,"76,001,000",1
28/02/2012,ARAUCA,TAME,Martes,5:00,VEREDA BAJO TAMACAY,RURAL,FINCAS Y SIMILARES,ARMA BLANCA / CORTOPUNZANTE,A PIE,A PIE,33,MASCULINO,UNION LIBRE,EMPLEADO PARTICULAR,NO REPORTADA,NO REPORTADA,COLOMBIA,"73,001,000",1
28/02/2012,ARAUCA,TAME,Martes,5:00,VEREDA BAJO TAMACAY,RURAL,FINCAS Y SIMILARES,ARMA BLANCA / CORTOPUNZANTE,VEHICULO,A PIE,38,MASCULINO,UNION LIBRE,EMPLEADO PARTICULAR,NO REPORTADA,NO REPORTADA,COLOMBIA,"19,548,000",1
28/02/2012,ARAUCA,TAME,Martes,5:00,VEREDA BAJO TAMACAY,RURAL,FINCAS Y SIMILARES,NO REPORTADO,A PIE,A PIE,26,MASCULINO,SOLTERO,EMPLEADO PARTICULAR,NO REPORTADA,NO REPORTADA,COLOMBIA,"19,001,000",1
28/02/2012,ARAUCA,TAME,Martes,5:00,VEREDA BAJO TAMACAY,RURAL,FINCAS Y SIMILARES,NO REPORTADO,A PIE,A PIE,30,MASCULINO,NO REPORTADA,EMPLEADO PARTICULAR,NO REPORTADA,NO REPORTADA,COLOMBIA,"70,670,000",1
28/02/2012,ARAUCA,TAME,Martes,5:00,VEREDA BAJO TAMACAY,RURAL,FINCAS Y SIMILARES,NO REPORTADO,A PIE,A PIE,30,MASCULINO,UNION LIBRE,EMPLEADO PARTICULAR,NO REPORTADA,SECUNDARIA,COLOMBIA,"11,001,000",1
28/02/2012,ARAUCA,TAME,Martes,5:00,VEREDA BAJO TAMACAY,RURAL,FINCAS Y SIMILARES,NO REPORTADO,A PIE,A PIE,32,MASCULINO,UNION LIBRE,EMPLEADO PARTICULAR,NO REPORTADA,NO REPORTADA,COLOMBIA,"5,674,000",1
28/02/2012,CUNDINAMARCA,BOGOTÁ D.C. (CT),Martes,9:00,CENTRO USME E-5,URBANA,VIAS PUBLICAS,NO REPORTADO,VEHICULO,VEHICULO,29,FEMENINO,SOLTERO,ESTUDIANTE,NO REPORTADA,SUPERIOR,COLOMBIA,"52,356,000",1
28/02/2012,TOLIMA,PRADO,Martes,6:45,VRDA. MONTOSO,RURAL,FINCAS Y SIMILARES,NO REPORTADO,NO REPORTADA,NO REPORTADA,14,FEMENINO,SOLTERO,ESTUDIANTE,NO REPORTADA,SECUNDARIA,COLOMBIA,"76,001,000",1
28/02/2012,BOLÍVAR,MAHATES,Martes,7:45,-,RURAL,FINCAS Y SIMILARES,ARMA DE FUEGO,A PIE,A PIE,73,MASCULINO,CASADO,GANADERO,NO REPORTADA,NO REPORTADA,COLOMBIA,"19,075,000",1
28/02/2012,BOLÍVAR,MAHATES,Martes,7:45,-,RURAL,FINCAS Y SIMILARES,ARMA BLANCA / CORTOPUNZANTE,A PIE,A PIE,43,MASCULINO,CASADO,AGRICULTOR,NO REPORTADA,NO REPORTADA,COLOMBIA,"41,668,000",1
28/02/2012,BOLÍVAR,MAHATES,Martes,7:45,-,RURAL,FINCAS Y SIMILARES,ARMA BLANCA / CORTOPUNZANTE,VEHICULO,VEHICULO,45,MASCULINO,CASADO,EMPLEADO PARTICULAR,NO REPORTADA,NO REPORTADA,COLOMBIA,"52,001,000",1
02/03/2012 12:00:00 AM,CUNDINAMARCA,BOGOTÁ D.C. (CT),Viernes,22:00,GRAN BRITALIA E-8,URBANA,CASAS DE HABITACION,NO REPORTADO,A PIE,A PIE,33,MASCULINO,UNION LIBRE,EMPLEADO PARTICULAR,ADMINISTRADOR DE EMPRESAS,SUPERIOR,COLOMBIA,"8,078,000",1
03/03/2012 12:00:00 AM,CHOCÓ,NÓVITA,Sábado,8:00,JUNTA DEL TAMANA,RURAL,TIPO EXPLOTACIÓN ORO,ARMA BLANCA / CORTOPUNZANTE,VEHICULO,A PIE,55,MASCULINO,CASADO,EMPLEADO PARTICULAR,NO REPORTADA,SECUNDARIA,COLOMBIA,"19,130,000",1
04/03/2012 12:00:00 AM,VALLE,BUENAVENTURA,Domingo,9:45,LA PLAYITA,URBANA,VIAS PUBLICAS,ARMA BLANCA / CORTOPUNZANTE,A PIE,A PIE,24,MASCULINO,UNION LIBRE,EMPLEADO PARTICULAR,NO REPORTADA,SECUNDARIA,COLOMBIA,"19,548,000",1
04/03/2012 12:00:00 AM,CESAR,AGUACHICA,Domingo,7:00,-,RURAL,FINCAS Y SIMILARES,ARMA BLANCA / CORTOPUNZANTE,A PIE,A PIE,74,MASCULINO,CASADO,AGRICULTOR,NO REPORTADA,PRIMARIA,COLOMBIA,"81,001,000",1
05/03/2012 12:00:00 AM,NARIÑO,IPIALES,Lunes,18:00,EL TOTORAL,URBANA,VIAS PUBLICAS,NO REPORTADO,VEHICULO,A PIE,18,MASCULINO,SOLTERO,ESTUDIANTE,NO REPORTADA,TECNICO,COLOMBIA,"5,615,000",1
05/03/2012 12:00:00 AM,NARIÑO,IPIALES,Lunes,18:00,EL TOTORAL,URBANA,VIAS PUBLICAS,NO REPORTADO,CONDUCTOR MOTOCICLETA,VEHICULO,17,MASCULINO,SOLTERO,ESTUDIANTE,NO REPORTADA,SUPERIOR,COLOMBIA,"81,736,000",1
06/03/2012 12:00:00 AM,CAQUETÁ,VALPARAÍSO,Martes,19:00,-,RURAL,FINCAS Y SIMILARES,NO REPORTADO,VEHICULO,VEHICULO,16,MASCULINO,SOLTERO,ESTUDIANTE,NO REPORTADA,SECUNDARIA,COLOMBIA,"68,001,000",1
11/03/2012 12:00:00 AM,NORTE DE SANTANDER,EL ZULIA,Domingo,0:10,VEREDA RANCHO GRANDE,RURAL,FINCAS Y SIMILARES,ARMA BLANCA / CORTOPUNZANTE,VEHICULO,VEHICULO,17,MASCULINO,SOLTERO,ESTUDIANTE,NO REPORTADA,SECUNDARIA,COLOMBIA,"95,001,000",1
12/03/2012 12:00:00 AM,CUNDINAMARCA,BOGOTÁ D.C. (CT),Lunes,10:00,CONJUNTO RESIDENCIAL MANUEL MEJIA E-8,URBANA,INTERIOR VEHICULO PARTICULAR,NO REPORTADO,A PIE,A PIE,27,MASCULINO,UNION LIBRE,COMERCIANTE,NO REPORTADA,SECUNDARIA,COLOMBIA,"81,001,000",1
12/03/2012 12:00:00 AM,NARIÑO,CÓRDOBA,Lunes,13:30,-,URBANA,VIAS PUBLICAS,ARMA BLANCA / CORTOPUNZANTE,VEHICULO,A PIE,33,MASCULINO,CASADO,EMPLEADO PARTICULAR,NO REPORTADA,PRIMARIA,COLOMBIA,"76,834,000",1
12/03/2012 12:00:00 AM,ARAUCA,TAME,Lunes,19:00,VEREDA SAPARAY,RURAL,FINCAS Y SIMILARES,ARMA BLANCA / CORTOPUNZANTE,A PIE,A PIE,69,MASCULINO,CASADO,GANADERO,NO REPORTADA,PRIMARIA,COLOMBIA,"47,555,000",1
15/03/2012,NARIÑO,SANTACRUZ,Jueves,7:00,VEREDA ARRAYAN,RURAL,FINCAS Y SIMILARES,NO REPORTADO,A PIE,CONDUCTOR MOTOCICLETA,49,FEMENINO,CASADO,EDUCADOR,LICENCIADO,SUPERIOR,COLOMBIA,"54,003,000",1
15/03/2012,CALDAS,MANIZALES (CT),Jueves,16:00,FATIMA,URBANA,VIAS PUBLICAS,ARMA BLANCA / CORTOPUNZANTE,A PIE,A PIE,0,FEMENINO,SOLTERO,NO REPORTA,NO REPORTADA,NO REPORTADO,COLOMBIA,"85,010,000",1
22/03/2012,META,PUERTO GAITÁN,Jueves,0:00,VEREDA YUCAO,RURAL,FINCAS Y SIMILARES,ARMA BLANCA / CORTOPUNZANTE,VEHICULO,A PIE,-,MASCULINO,UNION LIBRE,AMA DE CASA,NO REPORTADA,PRIMARIA,COLOMBIA,"44,035,000",1
22/03/2012,META,PUERTO GAITÁN,Jueves,0:00,VEREDA YUCAO,RURAL,FINCAS Y SIMILARES,NO REPORTADO,A PIE,VEHICULO,-,MASCULINO,UNION LIBRE,AMA DE CASA,NO REPORTADA,NO REPORTADA,COLOMBIA,"18,001,000",1
22/03/2012,META,PUERTO GAITÁN,Jueves,0:00,VEREDA YUCAO,RURAL,FINCAS Y SIMILARES,NO REPORTADO,CONDUCTOR MOTOCICLETA,CONDUCTOR MOTOCICLETA,-,MASCULINO,UNION LIBRE,AGRICULTOR,NO REPORTADA,PRIMARIA,COLOMBIA,"52,835,000",1
23/03/2012,ANTIOQUIA,MEDELLÍN (CT),Viernes,16:20,GUAYABAL C-15,URBANA,VIAS PUBLICAS,NO REPORTADA,A PIE,A PIE,21,MASCULINO,SOLTERO,EMPLEADO PARTICULAR,NO REPORTADA,SECUNDARIA,COLOMBIA,"47,001,000",1
26/03/2012,TOLIMA,IBAGUÉ (CT),Lunes,9:00,TULIO VARON,URBANA,CASAS DE HABITACION,NO REPORTADA,NO REPORTADA,NO REPORTADA,19,FEMENINO,SOLTERO,ESTUDIANTE,NO REPORTADA,NO REPORTADA,COLOMBIA,"41,001,000",1
26/03/2012,ATLÁNTICO,BARRANQUILLA (CT),Lunes,12:30,EL BOSQUE,URBANA,CASAS DE HABITACION,ARMA BLANCA / CORTOPUNZANTE,VEHICULO,A PIE,0,FEMENINO,SOLTERO,NO REPORTA,NO REPORTADA,NO REPORTADA,COLOMBIA,"19,807,000",1
26/03/2012,CUNDINAMARCA,BOGOTÁ D.C. (CT),Lunes,14:30,LA PERSEVERANCIA E-3,URBANA,FRENTE A COLEGIO NO REPORTADA VIA PUBLICA,ARMA BLANCA / CORTOPUNZANTE,VEHICULO,A PIE,11,MASCULINO,SOLTERO,ESTUDIANTE,NO REPORTADA,NO REPORTADA,COLOMBIA,"81,736,000",1
27/03/2012,NORTE DE SANTANDER,TOLEDO,Martes,8:00,-,RURAL,FINCAS Y SIMILARES,ARMA BLANCA / CORTOPUNZANTE,VEHICULO,A PIE,61,MASCULINO,CASADO,EMPLEADO PARTICULAR,NO REPORTADA,SUPERIOR,COLOMBIA,"19,532,000",1
28/03/2012,ANTIOQUIA,GUARNE,Miércoles,10:00,HOJAS ANCHAS,RURAL,FINCAS Y SIMILARES,ARMA BLANCA / CORTOPUNZANTE,VEHICULO,A PIE,43,MASCULINO,UNION LIBRE,COMERCIANTE,NO REPORTADA,PRIMARIA,COLOMBIA,"76,001,000",1
28/03/2012,CAQUETÁ,MILÁN,Miércoles,19:55,-,RURAL,FINCAS Y SIMILARES,NO REPORTADO,NO REPORTADA,NO REPORTADA,60,MASCULINO,UNION LIBRE,GANADERO,NO REPORTADA,PRIMARIA,COLOMBIA,"54,001,000",1
31/03/2012,CUNDINAMARCA,BOGOTÁ D.C. (CT),Sábado,17:00,SANTA LUCIA E-18,URBANA,VIAS PUBLICAS,ARMA BLANCA / CORTOPUNZANTE,NO REPORTADA,NO REPORTADA,42,FEMENINO,SOLTERO,COMERCIANTE,NO REPORTADA,PRIMARIA,COLOMBIA,"50,287,000",1
31/03/2012,BOYACÁ,CHIQUINQUIRÁ,Sábado,20:00,BARRIO SAN MATEO,URBANA,CASAS DE HABITACION,NO REPORTADO,A PIE,VEHICULO,23,MASCULINO,SOLTERO,EMPLEADO PARTICULAR,NO REPORTADA,NO REPORTADA,COLOMBIA,"81,001,000",1
31/03/2012,BOYACÁ,CHIQUINQUIRÁ,Sábado,20:00,BARRIO SAN MATEO,URBANA,CASAS DE HABITACION,ARMA BLANCA / CORTOPUNZANTE,VEHICULO,VEHICULO,42,FEMENINO,CASADO,AMA DE CASA,NO REPORTADA,NO REPORTADA,COLOMBIA,"19,698,000",1
31/03/2012,BOYACÁ,CHIQUINQUIRÁ,Sábado,20:00,BARRIO SAN MATEO,URBANA,CASAS DE HABITACION,ARMA BLANCA / CORTOPUNZANTE,VEHICULO,VEHICULO,19,MASCULINO,SOLTERO,EMPLEADO PARTICULAR,NO REPORTADA,NO REPORTADA,COLOMBIA,"19,698,000",1
31/03/2012,BOYACÁ,CHIQUINQUIRÁ,Sábado,20:00,BARRIO SAN MATEO,URBANA,CASAS DE HABITACION,ARMA BLANCA / CORTOPUNZANTE,VEHICULO,VEHICULO,42,MASCULINO,CASADO,EMPLEADO PARTICULAR,NO REPORTADA,NO REPORTADA,COLOMBIA,"19,698,000",1
31/03/2012,BOYACÁ,CHIQUINQUIRÁ,Sábado,20:00,BARRIO SAN MATEO,URBANA,CASAS DE HABITACION,ARMA BLANCA / CORTOPUNZANTE,VEHICULO,VEHICULO,19,MASCULINO,SOLTERO,EMPLEADO PARTICULAR,NO REPORTADA,NO REPORTADA,COLOMBIA,"19,698,000",1
31/03/2012,BOYACÁ,CHIQUINQUIRÁ,Sábado,20:00,BARRIO SAN MATEO,URBANA,CASAS DE HABITACION,ARMA BLANCA / CORTOPUNZANTE,A PIE,A PIE,21,MASCULINO,SOLTERO,EMPLEADO PARTICULAR,NO REPORTADA,NO REPORTADA,COLOMBIA,"41,668,000",1
03/04/2012 12:00:00 AM,GUAJIRA,MAICAO,Martes,8:30,-,RURAL,TROCHA,ARMA BLANCA / CORTOPUNZANTE,A PIE,A PIE,66,MASCULINO,CASADO,COMERCIANTE,NO REPORTADA,PRIMARIA,COLOMBIA,"81,794,000",1
04/04/2012 12:00:00 AM,CUNDINAMARCA,BOGOTÁ D.C. (CT),Miércoles,10:00,POLO CLUB E-12,URBANA,CASAS DE HABITACION,NO REPORTADO,A PIE,A PIE,82,MASCULINO,SOLTERO,COMERCIANTE,NO REPORTADA,SECUNDARIA,COLOMBIA,"5,001,000",1
04/04/2012 12:00:00 AM,CUNDINAMARCA,BOGOTÁ D.C. (CT),Miércoles,14:00,CASABLANCA I     E-8,URBANA,VIAS PUBLICAS,ARMA BLANCA / CORTOPUNZANTE,VEHICULO,A PIE,40,MASCULINO,NO REPORTADA,COMERCIANTE,NO REPORTADA,NO REPORTADA,COLOMBIA,"73,001,000",1
04/04/2012 12:00:00 AM,CUNDINAMARCA,BOGOTÁ D.C. (CT),Miércoles,23:35,TEUSAQUILLO E-13,URBANA,TRANSPORTE PÚBLICO,ARMA BLANCA / CORTOPUNZANTE,NO REPORTADA,NO REPORTADA,24,FEMENINO,SOLTERO,EDUCADOR,MUSICO,SUPERIOR,COLOMBIA,"18,150,000",1
04/04/2012 12:00:00 AM,CUNDINAMARCA,BOGOTÁ D.C. (CT),Miércoles,23:35,TEUSAQUILLO E-13,URBANA,TRANSPORTE PÚBLICO,ARMA BLANCA / CORTOPUNZANTE,NO REPORTADA,NO REPORTADA,29,MASCULINO,SOLTERO,EDUCADOR,MUSICO,SUPERIOR,COLOMBIA,"18,150,000",1
11/04/2012 12:00:00 AM,NORTE DE SANTANDER,TOLEDO,Miércoles,12:00,CORREGIMIENTO GIBRALTAR,URBANA,PUENTE,ARMA BLANCA / CORTOPUNZANTE,VEHICULO,A PIE,59,MASCULINO,CASADO,EMPLEADO PARTICULAR,INGENIERO CIVIL,SUPERIOR,COLOMBIA,"15,162,000",1
11/04/2012 12:00:00 AM,NORTE DE SANTANDER,TOLEDO,Miércoles,12:00,CORREGIMIENTO GIBRALTAR,URBANA,PUENTE,ARMA BLANCA / CORTOPUNZANTE,VEHICULO,A PIE,61,MASCULINO,CASADO,EMPLEADO PARTICULAR,INGENIERO CIVIL,SUPERIOR,COLOMBIA,"19,698,000",1
11/04/2012 12:00:00 AM,CAUCA,MERCADERES,Miércoles,12:30,CASERIO MOJARRAS VIA PANAMERICANA,RURAL,FINCAS Y SIMILARES,ARMA BLANCA / CORTOPUNZANTE,A PIE,A PIE,41,MASCULINO,SOLTERO,EMPLEADO PARTICULAR,NO REPORTADA,PRIMARIA,COLOMBIA,"81,794,000",1
13/04/2012,ARAUCA,TAME,Viernes,7:00,LAS BRISAS DE SATENA,URBANA,VIAS PUBLICAS,ARMA BLANCA / CORTOPUNZANTE,A PIE,A PIE,43,MASCULINO,UNION LIBRE,EMPLEADO PARTICULAR,NO REPORTADA,NO REPORTADA,COLOMBIA,"20,011,000",1
13/04/2012,CUNDINAMARCA,BOGOTÁ D.C. (CT),Viernes,20:30,FRANCO E-9,URBANA,VIAS PUBLICAS,NO REPORTADO,A PIE,A PIE,36,MASCULINO,CASADO,EMPLEADO PARTICULAR,INGENIERO ELECTRICO,SUPERIOR,COLOMBIA,"17,174,000",1
17/04/2012,CUNDINAMARCA,BOGOTÁ D.C. (CT),Martes,12:30,GRAN BRITALIA E-8,URBANA,VIAS PUBLICAS,ARMA BLANCA / CORTOPUNZANTE,A PIE,A PIE,64,MASCULINO,NO REPORTADA,PENSIONADO,NO REPORTADA,SECUNDARIA,COLOMBIA,"54,800,000",1
17/04/2012,CUNDINAMARCA,BOGOTÁ D.C. (CT),Martes,14:00,GRAN BRITALIA E-8,URBANA,VIAS PUBLICAS,ARMA BLANCA / CORTOPUNZANTE,A PIE,A PIE,53,MASCULINO,CASADO,COMERCIANTE,NO REPORTADA,NO REPORTADA,COLOMBIA,"54,800,000",1
18/04/2012,CUNDINAMARCA,BOGOTÁ D.C. (CT),Miércoles,23:30,CHICO NORTE I E-2,URBANA,PARQUES,ARMA BLANCA / CORTOPUNZANTE,A PIE,A PIE,27,MASCULINO,SOLTERO,COMERCIANTE,NO REPORTADA,SECUNDARIA,COLOMBIA,"54,800,000",1
20/04/2012,VALLE,TULUÁ,Viernes,19:15,El Centro,URBANA,VIAS PUBLICAS,ARMA BLANCA / CORTOPUNZANTE,A PIE,A PIE,40,MASCULINO,UNION LIBRE,COMERCIANTE,NO REPORTADA,PRIMARIA,COLOMBIA,"54,800,000",1
21/04/2012,ANTIOQUIA,RIONEGRO,Sábado,20:00,LLANOGRANDE,RURAL,FINCAS Y SIMILARES,NO REPORTADO,NO REPORTADA,NO REPORTADA,56,MASCULINO,CASADO,COMERCIANTE,NO REPORTADA,SECUNDARIA,COLOMBIA,"47,001,000",1
22/04/2012,CUNDINAMARCA,BOGOTÁ D.C. (CT),Domingo,7:00,GALERIAS E-13,URBANA,TRANSPORTE PÚBLICO,NO REPORTADO,NO REPORTADA,NO REPORTADA,-,FEMENINO,NO REPORTA,COMERCIANTE,NO REPORTADA,NO REPORTADO,COLOMBIA,"76,109,000",1
22/04/2012,CUNDINAMARCA,BOGOTÁ D.C. (CT),Domingo,7:00,GALERIAS E-13,URBANA,TRANSPORTE PÚBLICO,NO REPORTADO,NO REPORTADA,NO REPORTADA,-,FEMENINO,UNION LIBRE,COMERCIANTE,NO REPORTADA,NO REPORTADA,COLOMBIA,"17,042,000",1
22/04/2012,SANTANDER,SURATÁ,Domingo,21:00,-,RURAL,FINCAS Y SIMILARES,NO REPORTADO,NO REPORTADA,NO REPORTADA,72,MASCULINO,CASADO,AGRICULTOR,NO REPORTADA,PRIMARIA,COLOMBIA,"50,001,000",1
24/04/2012,CASANARE,AGUAZUL,Martes,10:20,-,RURAL,FINCAS Y SIMILARES,ESPOSAS,A PIE,VEHICULO,55,MASCULINO,CASADO,EMPLEADO PUBLICO,NO REPORTADA,SUPERIOR,COLOMBIA,"76,001,000",1
24/04/2012,SANTANDER,BOLÍVAR,Martes,19:00,-,RURAL,FINCAS Y SIMILARES,NO REPORTADO,A PIE,VEHICULO,43,MASCULINO,CASADO,GANADERO,NO REPORTADA,SECUNDARIA,COLOMBIA,"5,001,000",1
26/04/2012,CUNDINAMARCA,TABIO,Jueves,18:00,-,RURAL,FINCAS Y SIMILARES,NO REPORTADO,NO REPORTADA,NO REPORTADA,53,MASCULINO,CASADO,COMERCIANTE,NO REPORTADA,NO REPORTADA,COLOMBIA,"76,622,000",1
28/04/2012,CUNDINAMARCA,BOGOTÁ D.C. (CT),Sábado,0:10,MURILLO TORO E-18,URBANA,CASAS DE HABITACION,ARMA BLANCA / CORTOPUNZANTE,VEHICULO,VEHICULO,-,MASCULINO,NO REPORTADA,EMPLEADO PARTICULAR,NO REPORTADA,NO REPORTADA,COLOMBIA,"25,290,000",1
28/04/2012,CAQUETÁ,LA MONTAÑITA,Sábado,15:00,INSPOLICIA LA UNION PENEYA,RURAL,FINCAS Y SIMILARES,NO REPORTADA,A PIE,VEHICULO,35,MASCULINO,SOLTERO,EMPLEADO PARTICULAR,COMUNICADOR SOCIALNO REPORTADAPERIODISTA,SUPERIOR,FRANCIA,"5,790,000",1
29/04/2012,CUNDINAMARCA,BOGOTÁ D.C. (CT),Domingo,9:30,LA CATEDRAL E-17,URBANA,TRANSPORTE PÚBLICO,ARMA BLANCA / CORTOPUNZANTE,VEHICULO,VEHICULO,26,MASCULINO,SOLTERO,EMPLEADO PARTICULAR,ABOGADO,SUPERIOR,COLOMBIA,"81,065,000",1
30/04/2012,NARIÑO,GUAITARILLA,Lunes,21:00,-,URBANA,VIAS PUBLICAS,ARMA BLANCA / CORTOPUNZANTE,VEHICULO,VEHICULO,53,FEMENINO,DIVORCIADO,EDUCADOR,LICENCIADO,SUPERIOR,COLOMBIA,"81,065,000",1
30/04/2012,NARIÑO,GUAITARILLA,Lunes,21:00,-,URBANA,VIAS PUBLICAS,ARMA BLANCA / CORTOPUNZANTE,A PIE,A PIE,41,FEMENINO,CASADO,EDUCADOR,LICENCIADO,SUPERIOR,COLOMBIA,"81,794,000",1
30/04/2012,NARIÑO,GUAITARILLA,Lunes,21:00,-,URBANA,VIAS PUBLICAS,NO REPORTADO,NO REPORTADA,NO REPORTADA,53,MASCULINO,UNION LIBRE,EDUCADOR,LICENCIADO,SUPERIOR,COLOMBIA,"76,670,000",1
01/05/2012 12:00:00 AM,GUAJIRA,MAICAO,Martes,17:00,-,URBANA,PLAZAS DE MERCADO,NO REPORTADA,VEHICULO,CONDUCTOR MOTOCICLETA,23,MASCULINO,UNION LIBRE,GANADERO,NO REPORTADA,SECUNDARIA,COLOMBIA,"81,065,000",1
04/05/2012 12:00:00 AM,VALLE,CALI (CT),Viernes,6:00,SIMON BOLIVAR E8,URBANA,RODANDO SOBRE VIA NO REPORTADA VIA PUBLICA,NO REPORTADA,VEHICULO,CONDUCTOR MOTOCICLETA,45,MASCULINO,CASADO,EMPLEADO PARTICULAR,NO REPORTADA,SECUNDARIA,COLOMBIA,"81,065,000",1
04/05/2012 12:00:00 AM,VALLE,CALI (CT),Viernes,6:00,SIMON BOLIVAR E8,URBANA,RODANDO SOBRE VIA NO REPORTADA VIA PUBLICA,NO REPORTADA,VEHICULO,CONDUCTOR MOTOCICLETA,55,MASCULINO,CASADO,COMERCIANTE,NO REPORTADA,SECUNDARIA,COLOMBIA,"81,065,000",1
04/05/2012 12:00:00 AM,RISARALDA,PEREIRA (CT),Viernes,12:00,SECTOR GALERIA CENTRAL,URBANA,VIAS PUBLICAS,NO REPORTADA,VEHICULO,CONDUCTOR MOTOCICLETA,22,FEMENINO,SOLTERO,EMPLEADO PARTICULAR,NO REPORTADA,SECUNDARIA,COLOMBIA,"81,065,000",1
05/05/2012 12:00:00 AM,BOYACÁ,CHIQUINQUIRÁ,Sábado,6:00,BARRIO SAN MATEO,URBANA,VIAS PUBLICAS,NO REPORTADA,VEHICULO,CONDUCTOR MOTOCICLETA,11,MASCULINO,SOLTERO,ESTUDIANTE,NO REPORTADA,NO REPORTADA,COLOMBIA,"81,065,000",1
05/05/2012 12:00:00 AM,BOYACÁ,SORACÁ,Sábado,10:00,VDA. QUEBRADA VIEJA,RURAL,FINCAS Y SIMILARES,NO REPORTADA,VEHICULO,CONDUCTOR MOTOCICLETA,55,FEMENINO,CASADO,CANDIDATOS,NO REPORTADA,PRIMARIA,COLOMBIA,"81,065,000",1
05/05/2012 12:00:00 AM,BOYACÁ,SORACÁ,Sábado,10:00,VDA. QUEBRADA VIEJA,RURAL,FINCAS Y SIMILARES,NO REPORTADO,A PIE,VEHICULO,61,MASCULINO,CASADO,EMPLEADO PARTICULAR,NO REPORTADA,PRIMARIA,COLOMBIA,"66,170,000",1
10/05/2012 12:00:00 AM,CUNDINAMARCA,ALBÁN,Jueves,14:44,-,URBANA,VIAS PUBLICAS,ARMA BLANCA / CORTOPUNZANTE,VEHICULO,VEHICULO,14,MASCULINO,SOLTERO,ESTUDIANTE,NO REPORTADA,NO REPORTADA,COLOMBIA,"81,736,000",1
11/05/2012 12:00:00 AM,CUNDINAMARCA,BOGOTÁ D.C. (CT),Viernes,18:30,GALERIAS E-13,URBANA,TRANSPORTE PÚBLICO,ARMA BLANCA / CORTOPUNZANTE,VEHICULO,VEHICULO,24,FEMENINO,SOLTERO,ESTUDIANTE,NO REPORTADA,SUPERIOR,NORUEGA,"81,736,000",1
16/05/2012,MAGDALENA,ZONA BANANERA,Miércoles,16:00,CORREGIMIENTO TUCURINCA,RURAL,FINCAS Y SIMILARES,ARMA BLANCA / CORTOPUNZANTE,VEHICULO,CONDUCTOR MOTOCICLETA,18,FEMENINO,SOLTERO,ESTUDIANTE,NO REPORTADA,NO REPORTADA,COLOMBIA,"81,736,000",1
16/05/2012,MAGDALENA,ZONA BANANERA,Miércoles,16:00,CORREGIMIENTO TUCURINCA,RURAL,FINCAS Y SIMILARES,ARMA BLANCA / CORTOPUNZANTE,A PIE,A PIE,10,FEMENINO,SOLTERO,ESTUDIANTE,NO REPORTADA,NO REPORTADA,COLOMBIA,"50,577,000",1
03/07/2012 12:00:00 AM,ATLÁNTICO,BARRANQUILLA (CT),Martes,13:45,-,URBANA,HOSPITALES,ARMA DE FUEGO,CONDUCTOR MOTOCICLETA,A PIE,0,MASCULINO,SOLTERO,NO REPORTA,NO REPORTADA,ANALFABETA,COLOMBIA,"13,810,000",1
19/05/2012,ARAUCA,SARAVENA,Sábado,22:15,CENTRO,RURAL,FINCAS Y SIMILARES,NO REPORTADO,NO REPORTADA,NO REPORTADA,52,MASCULINO,CASADO,EMPLEADO PARTICULAR,NO REPORTADA,SECUNDARIA,COLOMBIA,"19,137,000",1
21/05/2012,ANTIOQUIA,MEDELLÍN (CT),Lunes,8:55,MANRIQUE 1  C-4,URBANA,CASAS DE HABITACION,NO REPORTADA,A PIE,A PIE,20,FEMENINO,SOLTERO,EMPLEADO PARTICULAR,NO REPORTADA,SECUNDARIA,COLOMBIA,"47,001,000",1
22/05/2012,VALLE,CALI (CT),Martes,20:55,PANCE E22,URBANA,VIAS PUBLICAS,NO REPORTADO,A PIE,CONDUCTOR MOTOCICLETA,39,MASCULINO,CASADO,EMPLEADO PARTICULAR,NO REPORTADA,PRIMARIA,COLOMBIA,"5,501,000",1
23/05/2012,CAQUETÁ,SAN VICENTE DEL CAGUÁN,Miércoles,17:30,VDA. PUENTE GUAMO,RURAL,FINCAS Y SIMILARES,ARMA BLANCA / CORTOPUNZANTE,A PIE,A PIE,49,MASCULINO,UNION LIBRE,GANADERO,NO REPORTADA,PRIMARIA,COLOMBIA,"17,001,000",1
23/05/2012,META,PUERTO LÓPEZ,Miércoles,19:00,-,RURAL,FINCAS Y SIMILARES,ARMA BLANCA / CORTOPUNZANTE,A PIE,CONDUCTOR MOTOCICLETA,59,MASCULINO,CASADO,EMPLEADO PARTICULAR,NO REPORTADA,NO REPORTADA,COLOMBIA,"15,759,000",1
28/05/2012,CAUCA,ROSAS,Lunes,14:00,-,RURAL,FINCAS Y SIMILARES,ARMA BLANCA / CORTOPUNZANTE,VEHICULO,VEHICULO,-,MASCULINO,CASADO,COMERCIANTE,NO REPORTADA,SECUNDARIA,COLOMBIA,"66,001,000",1
29/05/2012,CAUCA,CALOTO,Martes,13:00,VDA HUASANO,URBANA,FINCAS Y SIMILARES,NO REPORTADA,NO REPORTADA,NO REPORTADA,55,MASCULINO,CASADO,EMPLEADO PUBLICO,NO REPORTADA,SUPERIOR,COLOMBIA,"5,107,000",1
29/05/2012,CAUCA,CALOTO,Martes,13:00,VDA HUASANO,URBANA,FINCAS Y SIMILARES,ARMA BLANCA / CORTOPUNZANTE,VEHICULO,A PIE,48,MASCULINO,CASADO,EMPLEADO PUBLICO,NO REPORTADA,SUPERIOR,COLOMBIA,"81,794,000",1
29/05/2012,CHOCÓ,LLORÓ,Martes,17:00,-,RURAL,RIOS,ARMA BLANCA / CORTOPUNZANTE,A PIE,A PIE,49,MASCULINO,CASADO,COMERCIANTE,NO REPORTADA,SECUNDARIA,COLOMBIA,"85,001,000",1
30/05/2012,VICHADA,LA PRIMAVERA,Miércoles,8:30,-,RURAL,VIAS PUBLICAS,ARMA DE FUEGO,A PIE,VEHICULO,40,MASCULINO,CASADO,EMPLEADO PARTICULAR,ZOOTECNICO,SUPERIOR,COLOMBIA,"73,319,000",1
31/05/2012,TOLIMA,CAJAMARCA,Jueves,7:00,VRDA. EL CAJON,RURAL,FINCAS Y SIMILARES,ARMA DE FUEGO,A PIE,A PIE,8,FEMENINO,SOLTERO,ESTUDIANTE,NO REPORTADA,PRIMARIA,COLOMBIA,"11,001,000",1
01/06/2012 12:00:00 AM,NORTE DE SANTANDER,CÚCUTA (CT),Viernes,8:45,-,URBANA,VIAS PUBLICAS,ARMA BLANCA / CORTOPUNZANTE,PASAJERO TAXI,CONDUCTOR TAXI,18,MASCULINO,SOLTERO,EMPLEADO PARTICULAR,NO REPORTADA,SECUNDARIA,COLOMBIA,"11,001,000",1
01/06/2012 12:00:00 AM,ARAUCA,ARAUCA (CT),Viernes,15:00,-,URBANA,PUENTE,ARMA DE FUEGO,CONDUCTOR MOTOCICLETA,VEHICULO,-,FEMENINO,UNION LIBRE,EMPLEADO PARTICULAR,NO REPORTADA,NO REPORTADA,COLOMBIA,"54,810,000",1
03/06/2012 12:00:00 AM,CASANARE,PAZ DE ARIPORO,Domingo,16:50,-,RURAL,FINCAS Y SIMILARES,ARMA DE FUEGO,A PIE,VEHICULO,45,MASCULINO,CASADO,GANADERO,NO REPORTADA,SECUNDARIA,COLOMBIA,"47,001,000",1
05/06/2012 12:00:00 AM,MAGDALENA,SANTA MARTA (CT),Martes,15:45,LA PAZ,URBANA,VIAS PUBLICAS,ARMA DE FUEGO,VEHICULO,VEHICULO,25,FEMENINO,UNION LIBRE,COMERCIANTE,NO REPORTADA,TECNICO,COLOMBIA,"54,239,000",1
06/06/2012 12:00:00 AM,HUILA,PITALITO,Miércoles,7:00,VEREDA SANTA RITA,RURAL,FINCAS Y SIMILARES,ARMA BLANCA / CORTOPUNZANTE,CONDUCTOR MOTOCICLETA,A PIE,47,MASCULINO,CASADO,AGRICULTOR,NO REPORTADA,PRIMARIA,COLOMBIA,"54,001,000",1
06/06/2012 12:00:00 AM,ARAUCA,TAME,Miércoles,11:00,VEREDAS LA Y DE BETOYES,RURAL,FINCAS Y SIMILARES,ARMA DE FUEGO,VEHICULO,VEHICULO,39,MASCULINO,CASADO,EMPLEADO PARTICULAR,NO REPORTADA,ANALFABETA,COLOMBIA,"81,736,000",1
06/06/2012 12:00:00 AM,CUNDINAMARCA,CHÍA,Miércoles,9:00,SAN LUIS,URBANA,VIAS PUBLICAS,ARMA BLANCA / CORTOPUNZANTE,A PIE,A PIE,41,MASCULINO,CASADO,COMERCIANTE,NO REPORTADA,PRIMARIA,COLOMBIA,"5,001,000",1
06/06/2012 12:00:00 AM,CUNDINAMARCA,BOGOTÁ D.C. (CT),Miércoles,13:00,SANTA CATALINA E-8,URBANA,VIAS PUBLICAS,ARMA DE FUEGO,A PIE,A PIE,26,FEMENINO,UNION LIBRE,COMERCIANTE,NO REPORTADA,SECUNDARIA,COLOMBIA,"68,081,000",1
06/06/2012 12:00:00 AM,NARIÑO,TÚQUERRES,Miércoles,16:30,-,URBANA,VIAS PUBLICAS,ARMA DE FUEGO,A PIE,A PIE,31,MASCULINO,CASADO,AGRICULTOR,NO REPORTADA,PRIMARIA,COLOMBIA,"76,892,000",1
07/06/2012 12:00:00 AM,NORTE DE SANTANDER,LOS PATIOS,Jueves,10:30,BARRIO LA SABANA,URBANA,VIAS PUBLICAS,ARMA DE FUEGO,A PIE,A PIE,-,MASCULINO,SOLTERO,COMERCIANTE,NO REPORTADA,SECUNDARIA,COLOMBIA,"27,491,000",1
07/06/2012 12:00:00 AM,ANTIOQUIA,ITAGUI,Jueves,20:35,CALATRAVA,URBANA,VIAS PUBLICAS,ARMA DE FUEGO,VEHICULO,VEHICULO,-,MASCULINO,SOLTERO,DESEMPLEADO,NO REPORTADA,NO REPORTADA,COLOMBIA,"11,001,000",1
08/06/2012 12:00:00 AM,NARIÑO,IPIALES,Viernes,10:30,-,URBANA,VIAS PUBLICAS,ARMA DE FUEGO,VEHICULO,A PIE,41,MASCULINO,CASADO,EMPLEADO PARTICULAR,NO REPORTADA,SECUNDARIA,COLOMBIA,"50,001,000",1
03/07/2012 12:00:00 AM,ANTIOQUIA,GUARNE,Martes,23:20,-,URBANA,FRENTE A RESIDENCIAS NO REPORTADA VIA PUBLICA,ARMA DE FUEGO,A PIE,A PIE,59,MASCULINO,CASADO,COMERCIANTE,NO REPORTADA,SECUNDARIA,COLOMBIA,"5,001,000",1
13/06/2012,META,VISTAHERMOSA,Miércoles,13:35,-,RURAL,VIAS PUBLICAS,ARMA DE FUEGO,A PIE,VEHICULO,32,MASCULINO,UNION LIBRE,EMPLEADO PARTICULAR,NO REPORTADA,SECUNDARIA,COLOMBIA,"11,001,000",1
13/06/2012,META,VISTAHERMOSA,Miércoles,13:35,-,RURAL,VIAS PUBLICAS,ARMA DE FUEGO,PASAJERO TAXI,CONDUCTOR TAXI,34,MASCULINO,UNION LIBRE,EMPLEADO PARTICULAR,NO REPORTADA,SECUNDARIA,COLOMBIA,"11,001,000",1
14/06/2012,CASANARE,PAZ DE ARIPORO,Jueves,20:00,-,RURAL,FINCAS Y SIMILARES,ARMA DE FUEGO,VEHICULO,VEHICULO,15,MASCULINO,SOLTERO,ESTUDIANTE,NO REPORTADA,SECUNDARIA,COLOMBIA,"54,518,000",1
14/06/2012,CASANARE,PAZ DE ARIPORO,Jueves,20:00,-,RURAL,FINCAS Y SIMILARES,ARMA DE FUEGO,A PIE,VEHICULO,11,MASCULINO,SOLTERO,ESTUDIANTE,NO REPORTADA,PRIMARIA,COLOMBIA,"68,081,000",1
14/06/2012,CUNDINAMARCA,BOGOTÁ D.C. (CT),Jueves,21:50,LA PORCIUNCULA E-2,URBANA,INTERIOR VEHICULO SERVICIO PUBLICO,ARMA DE FUEGO,PASAJERO BUS,A PIE,-,MASCULINO,NO REPORTADA,COMERCIANTE,NO REPORTADA,NO REPORTADA,NO REPORTADA,"27,205,000",1
15/06/2012,ANTIOQUIA,EL CARMEN DE VIBORAL,Viernes,22:00,-,URBANA,FINCAS Y SIMILARES,ARMA DE FUEGO,PASAJERO TAXI,CONDUCTOR TAXI,42,MASCULINO,SOLTERO,COMERCIANTE,NO REPORTADA,SECUNDARIA,COLOMBIA,"11,001,000",1
16/06/2012,NORTE DE SANTANDER,SALAZAR,Sábado,20:00,VEREDA LA POTRERA,URBANA,FINCAS Y SIMILARES,ARMA DE FUEGO,A PIE,CONDUCTOR TAXI,16,FEMENINO,SOLTERO,ESTUDIANTE,NO REPORTADA,SUPERIOR,COLOMBIA,"5,001,000",1
16/06/2012,VALLE,CALI (CT),Sábado,20:30,-,URBANA,VIAS PUBLICAS,ARMA DE FUEGO,A PIE,CONDUCTOR MOTOCICLETA,41,MASCULINO,UNION LIBRE,COMERCIANTE,NO REPORTADA,SUPERIOR,COLOMBIA,"52,678,000",1
17/06/2012,CUNDINAMARCA,BOGOTÁ D.C. (CT),Domingo,20:30,LA GAITANA E-11,URBANA,CASAS DE HABITACION,ARMA DE FUEGO,VEHICULO,VEHICULO,13,FEMENINO,SOLTERO,NO REPORTA,NO REPORTADA,NO REPORTADA,COLOMBIA,"11,001,000",1
19/06/2012,CAUCA,EL TAMBO,Martes,16:00,VDA MONTERREDONDO,URBANA,FINCAS Y SIMILARES,ARMA DE FUEGO,PASAJERO TAXI,CONDUCTOR TAXI,38,MASCULINO,CASADO,COMERCIANTE,NO REPORTADA,SECUNDARIA,COLOMBIA,"11,001,000",1
19/06/2012,CAUCA,EL TAMBO,Martes,16:00,VDA MONTERREDONDO,URBANA,FINCAS Y SIMILARES,ARMA BLANCA / CORTOPUNZANTE,A PIE,A PIE,46,MASCULINO,UNION LIBRE,AGRICULTOR,NO REPORTADA,PRIMARIA,COLOMBIA,"18,592,000",1
21/06/2012,CUNDINAMARCA,BOGOTÁ D.C. (CT),Jueves,18:30,VEINTE DE JULIO E-4,URBANA,VIAS PUBLICAS,ARMA DE FUEGO,A PIE,A PIE,18,MASCULINO,SOLTERO,ESTUDIANTE,NO REPORTADA,SUPERIOR,COLOMBIA,"54,261,000",1
22/06/2012,CUNDINAMARCA,BOGOTÁ D.C. (CT),Viernes,19:00,CIUDAD KENNEDY OCC E-8,URBANA,CASAS DE HABITACION,ARMA DE FUEGO,A PIE,A PIE,32,MASCULINO,SOLTERO,COMERCIANTE,NO REPORTADA,SECUNDARIA,COLOMBIA,"20,550,000",1
23/06/2012,TOLIMA,AMBALEMA,Sábado,17:00,LA BALASTRERA,URBANA,VIAS PUBLICAS,ARMA DE FUEGO,A PIE,A PIE,9,FEMENINO,SOLTERO,ESTUDIANTE,NO REPORTADA,PRIMARIA,COLOMBIA,"76,001,000",1
24/06/2012,ARAUCA,ARAUCA (CT),Domingo,9:00,-,URBANA,VIAS PUBLICAS,ARMA DE FUEGO,CONDUCTOR BUS,A PIE,-,MASCULINO,NO REPORTADA,EMPLEADO PARTICULAR,NO REPORTADA,NO REPORTADA,NO REPORTADA,"27,787,000",1
24/06/2012,NARIÑO,CONTADERO,Domingo,1:30,CENTRO,URBANA,CASAS DE APUESTAS,ARMA DE FUEGO,CONDUCTOR BUS,A PIE,65,MASCULINO,CASADO,GANADERO,NO REPORTADA,NO REPORTADA,COLOMBIA,"27,787,000",1
24/06/2012,NARIÑO,CONTADERO,Domingo,1:30,CENTRO,URBANA,CASAS DE APUESTAS,ARMA DE FUEGO,VEHICULO,A PIE,71,MASCULINO,CASADO,GANADERO,NO REPORTADA,NO REPORTADA,COLOMBIA,"27,787,000",1
24/06/2012,NARIÑO,CONTADERO,Domingo,1:30,CENTRO,URBANA,CASAS DE APUESTAS,ARMA DE FUEGO,A PIE,A PIE,64,MASCULINO,CASADO,AGRICULTOR,NO REPORTADA,PRIMARIA,COLOMBIA,"54,001,000",1
27/06/2012,NARIÑO,IPIALES,Miércoles,17:15,CHAMPAGTH,URBANA,VIAS PUBLICAS,ARMA DE FUEGO,A PIE,A PIE,22,MASCULINO,SOLTERO,EMPLEADO PARTICULAR,NO REPORTADA,SECUNDARIA,COLOMBIA,"27,001,000",1
29/06/2012,MAGDALENA,SANTA MARTA (CT),Viernes,22:00,-,RURAL,FINCAS Y SIMILARES,ARMA DE FUEGO,A PIE,VEHICULO,56,MASCULINO,CASADO,EMPLEADO PARTICULAR,INGENIERO AGRONOMO,SUPERIOR,REPUBLICA DOMINICANA,"19,780,000",1
30/06/2012,CASANARE,AGUAZUL,Sábado,19:30,ATALAYAS,RURAL,FINCAS Y SIMILARES,ARMA DE FUEGO,VEHICULO,A PIE,41,MASCULINO,CASADO,EMPLEADO PARTICULAR,INGENIERO CIVIL,SUPERIOR,COLOMBIA,"5,001,000",1
01/07/2012 12:00:00 AM,CAUCA,POPAYÁN (CT),Domingo,20:30,VDA EL TABLON,RURAL,FINCAS Y SIMILARES,ARMA DE FUEGO,VEHICULO,CONDUCTOR MOTOCICLETA,36,MASCULINO,UNION LIBRE,EMPLEADO PARTICULAR,ECOLOGO,SUPERIOR,COLOMBIA,"54,673,000",1
04/07/2012 12:00:00 AM,ANTIOQUIA,MEDELLÍN (CT),Miércoles,11:00,-,URBANA,VIAS PUBLICAS,ARMA DE FUEGO,VEHICULO,A PIE,-,MASCULINO,UNION LIBRE,COMERCIANTE,NO REPORTADA,NO REPORTADA,NO REPORTADA,"44,078,000",1
10/07/2012 12:00:00 AM,CAUCA,ARGELIA,Martes,11:00,-,RURAL,FINCAS Y SIMILARES,ARMA DE FUEGO,CONDUCTOR MOTOCICLETA,A PIE,38,MASCULINO,CASADO,EMPLEADO PARTICULAR,PILOTO,SUPERIOR,COLOMBIA,"19,548,000",1
10/07/2012 12:00:00 AM,CAUCA,ARGELIA,Martes,11:00,-,RURAL,FINCAS Y SIMILARES,ARMA DE FUEGO,A PIE,VEHICULO,30,MASCULINO,NO REPORTADA,EMPLEADO PARTICULAR,ADMINISTRADOR AGROINDUSTRIAL,SUPERIOR,COLOMBIA,"76,001,000",1
11/07/2012 12:00:00 AM,VALLE,CALI (CT),Miércoles,8:30,DIAMANTE E13,URBANA,VIAS PUBLICAS,ARMA DE FUEGO,A PIE,VEHICULO,44,MASCULINO,SOLTERO,EMPLEADO PARTICULAR,NO REPORTADA,SECUNDARIA,COLOMBIA,"76,001,000",1
14/07/2012,CAUCA,POPAYÁN (CT),Sábado,6:00,-,RURAL,FINCAS Y SIMILARES,ARMA DE FUEGO,PASAJERO TAXI,VEHICULO,34,MASCULINO,CASADO,COMERCIANTE,NO REPORTADA,SECUNDARIA,COLOMBIA,"11,001,000",1
15/07/2012,NORTE DE SANTANDER,CÚCUTA (CT),Domingo,19:00,BARRIO LLERAS,URBANA,VIAS PUBLICAS,ARMA DE FUEGO,VEHICULO,VEHICULO,19,MASCULINO,SOLTERO,DESEMPLEADO,NO REPORTADA,PRIMARIA,COLOMBIA,"76,001,000",1
15/07/2012,NORTE DE SANTANDER,CÚCUTA (CT),Domingo,19:00,BARRIO LLERAS,URBANA,VIAS PUBLICAS,ARMA DE FUEGO,A PIE,A PIE,22,MASCULINO,SOLTERO,DESEMPLEADO,NO REPORTADA,SECUNDARIA,COLOMBIA,"54,001,000",1
18/07/2012,META,VILLAVICENCIO (CT),Miércoles,7:00,VEREDA ALTO DE POMPEYA,RURAL,FINCAS Y SIMILARES,ARMA DE FUEGO,VEHICULO,VEHICULO,56,MASCULINO,CASADO,EMPLEADO PARTICULAR,ARQUITECTO,SUPERIOR,ITALIA,"81,065,000",1
23/07/2012,CESAR,VALLEDUPAR (CT),Lunes,20:00,-,URBANA,VIAS PUBLICAS,ARMA DE FUEGO,A PIE,VEHICULO,21,MASCULINO,CASADO,EMPLEADO PARTICULAR,INGENIERO,SUPERIOR,COLOMBIA,"54,001,000",1
24/07/2012,ARAUCA,SARAVENA,Martes,11:00,BARRIO PINZON,URBANA,CASAS DE HABITACION,ARMA DE FUEGO,VEHICULO,A PIE,33,FEMENINO,UNION LIBRE,EMPLEADO PARTICULAR,INGENIERO,SUPERIOR,COLOMBIA,"68,207,000",1
24/07/2012,ARAUCA,SARAVENA,Martes,11:45,CENTRO,URBANA,CASAS DE HABITACION,ARMA DE FUEGO,CONDUCTOR TAXI,VEHICULO,30,FEMENINO,SOLTERO,EMPLEADO PARTICULAR,INGENIERO,SUPERIOR,COLOMBIA,"25,572,000",1
25/07/2012,BOYACÁ,SOGAMOSO,Miércoles,19:00,-,URBANA,PARQUES,ARMA DE FUEGO,A PIE,VEHICULO,52,MASCULINO,VIUDO,EMPLEADO PARTICULAR,NO REPORTADA,SECUNDARIA,COLOMBIA,"11,001,000",1
30/07/2012,ANTIOQUIA,AMALFI,Lunes,16:30,-,URBANA,FINCAS Y SIMILARES,ARMA DE FUEGO,CONDUCTOR MOTOCICLETA,A PIE,30,MASCULINO,NO REPORTADA,EMPLEADO PARTICULAR,INGENIERO,SUPERIOR,COLOMBIA,"5,736,000",1
31/07/2012,ANTIOQUIA,MEDELLÍN (CT),Martes,7:30,LA CANDELARIA C-10,URBANA,VIAS PUBLICAS,ARMA DE FUEGO,A PIE,A PIE,38,MASCULINO,CASADO,COMERCIANTE,NO REPORTADA,SECUNDARIA,COLOMBIA,"76,001,000",1
06/08/2012 12:00:00 AM,CÓRDOBA,MONTERÍA (CT),Lunes,10:30,-,URBANA,VIAS PUBLICAS,ARMA DE FUEGO,A PIE,A PIE,22,MASCULINO,CASADO,COMERCIANTE,NO REPORTADA,TECNICO,COLOMBIA,"76,001,000",1
08/08/2012 12:00:00 AM,CUNDINAMARCA,BOGOTÁ D.C. (CT),Miércoles,9:15,LAGO GAITAN E-2,URBANA,VIAS PUBLICAS,ARMA DE FUEGO,A PIE,A PIE,30,MASCULINO,SOLTERO,EMPLEADO PARTICULAR,ADMINISTRADOR DE EMPRESAS,SUPERIOR,COLOMBIA,"76,001,000",1
10/08/2012 12:00:00 AM,CUNDINAMARCA,BOGOTÁ D.C. (CT),Viernes,18:00,SALAZAR GÓMEZ E-16,URBANA,VIAS PUBLICAS,ARMA DE FUEGO,VEHICULO,VEHICULO,35,FEMENINO,CASADO,EMPLEADO PARTICULAR,ADMINISTRADOR DE EMPRESAS,SUPERIOR,COLOMBIA,"54,810,000",1
11/08/2012 12:00:00 AM,NARIÑO,TÚQUERRES,Sábado,8:00,-,URBANA,VIAS PUBLICAS,ARMA DE FUEGO,A PIE,A PIE,40,MASCULINO,SOLTERO,COMERCIANTE,NO REPORTADA,SECUNDARIA,COLOMBIA,"73,043,000",1
11/08/2012 12:00:00 AM,CUNDINAMARCA,AGUA DE DIOS,Sábado,19:50,-,URBANA,FINCAS Y SIMILARES,ARMA DE FUEGO,CONDUCTOR MOTOCICLETA,CONDUCTOR MOTOCICLETA,41,MASCULINO,CASADO,EMPLEADO PARTICULAR,MERCADOTECNICO,SUPERIOR,COLOMBIA,"5,001,000",1
12/08/2012 12:00:00 AM,ANTIOQUIA,MEDELLÍN (CT),Domingo,20:40,LAS VIOLETAS C-16,URBANA,CASAS DE HABITACION,ARMA BLANCA / CORTOPUNZANTE,A PIE,A PIE,1,FEMENINO,SOLTERO,NO REPORTA,NO REPORTADA,ANALFABETA,COLOMBIA,"11,001,000",1
14/08/2012,ANTIOQUIA,MEDELLÍN (CT),Martes,18:00,-,URBANA,VIAS PUBLICAS,ARMA DE FUEGO,CONDUCTOR MOTOCICLETA,A PIE,29,MASCULINO,SOLTERO,EMPLEADO PARTICULAR,NO REPORTADA,PRIMARIA,COLOMBIA,"81,736,000",1
15/08/2012,CESAR,SAN ALBERTO,Miércoles,20:00,-,RURAL,VIAS PUBLICAS,ARMA DE FUEGO,A PIE,A PIE,67,MASCULINO,CASADO,GANADERO,NO REPORTADA,PRIMARIA,COLOMBIA,"23,079,000",1
16/08/2012,HUILA,PALERMO,Jueves,9:30,VEREDA ORIENTE,RURAL,FINCAS Y SIMILARES,ARMA DE FUEGO,A PIE,A PIE,70,MASCULINO,CASADO,COMERCIANTE,INGENIERO CIVIL,SUPERIOR,COLOMBIA,"5,001,000",1
16/08/2012,CUNDINAMARCA,BOGOTÁ D.C. (CT),Jueves,20:15,EL RETIRO I E-2,URBANA,CENTRO COMERCIAL,ARMA DE FUEGO,VEHICULO,VEHICULO,30,MASCULINO,SOLTERO,EMPLEADO PARTICULAR,ADMINISTRADOR DE EMPRESAS,SUPERIOR,COLOMBIA,"85,410,000",1
17/08/2012,CUNDINAMARCA,BOGOTÁ D.C. (CT),Viernes,3:00,EL RETIRO I E-2,URBANA,TRANSPORTE PÚBLICO,ARMA DE FUEGO,VEHICULO,CONDUCTOR MOTOCICLETA,20,MASCULINO,SOLTERO,EMPLEADO PARTICULAR,PUBLICISTA,SUPERIOR,COLOMBIA,"19,137,000",1
19/08/2012,CASANARE,YOPAL (CT),Domingo,4:00,-,RURAL,VIAS PUBLICAS,ARMA DE FUEGO,A PIE,CONDUCTOR MOTOCICLETA,48,MASCULINO,CASADO,COMERCIANTE,NO REPORTADA,PRIMARIA,COLOMBIA,"41,298,000",1
19/08/2012,CASANARE,YOPAL (CT),Domingo,4:00,-,RURAL,VIAS PUBLICAS,ARMA DE FUEGO,VEHICULO,A PIE,27,FEMENINO,SOLTERO,EMPLEADO PARTICULAR,NO REPORTADA,SECUNDARIA,COLOMBIA,"63,001,000",1
19/08/2012,CASANARE,YOPAL (CT),Domingo,4:00,-,RURAL,VIAS PUBLICAS,ARMA DE FUEGO,VEHICULO,VEHICULO,-,MASCULINO,NO REPORTADA,EMPLEADO PARTICULAR,NO REPORTADA,NO REPORTADA,COLOMBIA,"52,585,000",1
19/08/2012,GUAJIRA,RIOHACHA (CT),Domingo,8:00,-,RURAL,FINCAS Y SIMILARES,ARMA DE FUEGO,VEHICULO,A PIE,40,FEMENINO,CASADO,AMA DE CASA,NO REPORTADA,SECUNDARIA,COLOMBIA,"52,612,000",1
19/08/2012,GUAJIRA,RIOHACHA (CT),Domingo,8:00,-,RURAL,FINCAS Y SIMILARES,ARMA DE FUEGO,A PIE,A PIE,50,MASCULINO,CASADO,GANADERO,NO REPORTADA,SECUNDARIA,COLOMBIA,"73,001,000",1
21/08/2012,CUNDINAMARCA,BOGOTÁ D.C. (CT),Martes,16:00,CIUDAD KENNEDY CENTRO CÍVICO D.L.F. E-8,URBANA,VIAS PUBLICAS,ARMA DE FUEGO,VEHICULO,VEHICULO,17,MASCULINO,SOLTERO,ESTUDIANTE,NO REPORTADA,NO REPORTADA,COLOMBIA,"20,001,000",1
23/08/2012,BOLÍVAR,CANTAGALLO,Jueves,7:30,-,RURAL,FINCAS Y SIMILARES,ARMA DE FUEGO,A PIE,A PIE,29,MASCULINO,UNION LIBRE,EMPLEADO PARTICULAR,NO REPORTADA,SECUNDARIA,COLOMBIA,"76,318,000",1
23/08/2012,ARAUCA,TAME,Jueves,16:00,-,RURAL,VIAS PUBLICAS,ARMA DE FUEGO,A PIE,A PIE,45,MASCULINO,CASADO,EMPLEADO PARTICULAR,NO REPORTADA,SECUNDARIA,COLOMBIA,"19,110,000",1
23/08/2012,NORTE DE SANTANDER,OCAÑA,Jueves,17:30,BARRIO SIMON BOLIVAR,URBANA,NO DEFINIDO,ARMA DE FUEGO,A PIE,VEHICULO,65,MASCULINO,CASADO,AGRICULTOR,NO REPORTADA,PRIMARIA,COLOMBIA,"76,001,000",1
26/08/2012,HUILA,PITALITO,Domingo,12:00,SOLARTE,URBANA,VIAS PUBLICAS,ARMA DE FUEGO,VEHICULO,CONDUCTOR MOTOCICLETA,49,FEMENINO,CASADO,AMA DE CASA,NO REPORTADA,PRIMARIA,COLOMBIA,"81,794,000",1
27/08/2012,CESAR,TAMALAMEQUE,Lunes,20:00,-,RURAL,FINCAS Y SIMILARES,ARMA DE FUEGO,A PIE,A PIE,23,MASCULINO,SOLTERO,EMPLEADO SALUD,MEDICO VETERINARIO,SUPERIOR,COLOMBIA,"54,003,000",1
28/08/2012,CUNDINAMARCA,BOGOTÁ D.C. (CT),Martes,18:50,SANTA MARIA DEL LAGO E-10,URBANA,VIAS PUBLICAS,ARMA DE FUEGO,A PIE,A PIE,37,MASCULINO,SOLTERO,EMPLEADO PARTICULAR,ADMINISTRADOR DE EMPRESAS,SUPERIOR,COLOMBIA,"54,720,000",1
30/08/2012,CAUCA,POPAYÁN (CT),Jueves,18:00,-,RURAL,VIAS PUBLICAS,ARMA DE FUEGO,VEHICULO,A PIE,16,MASCULINO,SOLTERO,ESTUDIANTE,NO REPORTADA,SECUNDARIA,COLOMBIA,"13,744,000",1
30/08/2012,CAUCA,POPAYÁN (CT),Jueves,18:00,-,RURAL,VIAS PUBLICAS,ARMA BLANCA / CORTOPUNZANTE,A PIE,A PIE,15,FEMENINO,SOLTERO,ESTUDIANTE,NO REPORTADA,SECUNDARIA,COLOMBIA,"54,001,000",1
04/09/2012 12:00:00 AM,ARAUCA,ARAUCA (CT),Martes,14:00,VEREDA BOCAS DEL ARAUCA,RURAL,FINCAS Y SIMILARES,ARMA DE FUEGO,A PIE,A PIE,18,MASCULINO,SOLTERO,ESTUDIANTE,NO REPORTADA,SECUNDARIA,COLOMBIA,"52,356,000",1
07/09/2012 12:00:00 AM,CUNDINAMARCA,BOGOTÁ D.C. (CT),Viernes,23:55,CHICO NORTE I E-2,URBANA,TRANSPORTE PÚBLICO,ARMA DE FUEGO,A PIE,VEHICULO,-,MASCULINO,UNION LIBRE,CANDIDATOS,NO REPORTADA,SECUNDARIA,COLOMBIA,"20,032,000",1
08/09/2012 12:00:00 AM,ANTIOQUIA,MEDELLÍN (CT),Sábado,12:00,CALAZANS C-12,URBANA,VIAS PUBLICAS,ARMA DE FUEGO,A PIE,A PIE,46,MASCULINO,UNION LIBRE,EMPLEADO PARTICULAR,NO REPORTADA,PRIMARIA,COLOMBIA,"5,490,000",1
12/09/2012 12:00:00 AM,GUAJIRA,RIOHACHA (CT),Miércoles,8:00,-,RURAL,FINCAS Y SIMILARES,ARMA DE FUEGO,A PIE,A PIE,13,FEMENINO,SOLTERO,ESTUDIANTE,NO REPORTADA,PRIMARIA,COLOMBIA,"5,490,000",1
12/09/2012 12:00:00 AM,CASANARE,VILLANUEVA,Miércoles,21:00,LA LIBERTAD,RURAL,FINCAS Y SIMILARES,ARMA DE FUEGO,A PIE,A PIE,40,FEMENINO,CASADO,AMA DE CASA,NO REPORTADA,SECUNDARIA,COLOMBIA,"5,490,000",1
12/09/2012 12:00:00 AM,CASANARE,VILLANUEVA,Miércoles,21:00,LA LIBERTAD,RURAL,FINCAS Y SIMILARES,ARMA DE FUEGO,A PIE,A PIE,59,MASCULINO,CASADO,EMPLEADO PARTICULAR,NO REPORTADA,NO REPORTADA,COLOMBIA,"68,406,000",1
12/09/2012 12:00:00 AM,CASANARE,VILLANUEVA,Miércoles,21:00,LA LIBERTAD,RURAL,FINCAS Y SIMILARES,ARMA DE FUEGO,A PIE,A PIE,9,MASCULINO,SOLTERO,ESTUDIANTE,NO REPORTADA,NO REPORTADA,COLOMBIA,"19,142,000",1
12/09/2012 12:00:00 AM,NARIÑO,COLÓN,Miércoles,17:15,SECTOR LA ROCA,RURAL,RODANDO SOBRE VIA NO REPORTADA VIA PUBLICA,ARMA DE FUEGO,CONDUCTOR MOTOCICLETA,A PIE,30,FEMENINO,CASADO,EMPLEADO SALUD,BACTERIOLOGO,SUPERIOR,COLOMBIA,"73,861,000",1
15/09/2012,VALLE,CALI (CT),Sábado,15:00,CANEY E17,URBANA,CASAS DE HABITACION,ARMA DE FUEGO,A PIE,A PIE,31,FEMENINO,SOLTERO,ESTUDIANTE,NO REPORTADA,SUPERIOR,COLOMBIA,"76,233,000",1
15/09/2012,VALLE,CALI (CT),Sábado,15:00,CANEY E17,URBANA,CASAS DE HABITACION,NO REPORTADA,A PIE,A PIE,21,FEMENINO,SOLTERO,ESTUDIANTE,NO REPORTADA,SUPERIOR,COLOMBIA,"11,001,000",1
16/09/2012,VALLE,CALI (CT),Domingo,11:00,ALFONSO LOPEZ I E7,URBANA,VIAS PUBLICAS,ARMA DE FUEGO,A PIE,PASAJERO MOTOCICLETA,14,MASCULINO,SOLTERO,ESTUDIANTE,NO REPORTADA,PRIMARIA,COLOMBIA,"54,245,000",1
18/09/2012,BOYACÁ,MACANAL,Martes,18:30,VDA. LA VEGA,URBANA,FINCAS Y SIMILARES,ARMA DE FUEGO,VEHICULO,A PIE,14,MASCULINO,SOLTERO,ESTUDIANTE,NO REPORTADA,SECUNDARIA,COLOMBIA,"73,001,000",1
22/09/2012,CESAR,PAILITAS,Sábado,6:30,-,RURAL,FINCAS Y SIMILARES,ARMA DE FUEGO,A PIE,A PIE,64,MASCULINO,CASADO,COMERCIANTE,NO REPORTADA,SECUNDARIA,COLOMBIA,"76,001,000",1
24/09/2012,CASANARE,YOPAL (CT),Lunes,6:00,EL CENTRO,URBANA,VIAS PUBLICAS,NO REPORTADA,A PIE,A PIE,53,MASCULINO,CASADO,COMERCIANTE,NO REPORTADA,SECUNDARIA,COLOMBIA,"54,261,000",1
27/09/2012,TOLIMA,MELGAR,Jueves,6:00,CENTRO,URBANA,VIAS PUBLICAS,ARMA DE FUEGO,A PIE,CONDUCTOR MOTOCICLETA,45,MASCULINO,CASADO,AGRICULTOR,NO REPORTADA,SECUNDARIA,COLOMBIA,"85,430,000",1
30/09/2012,NORTE DE SANTANDER,CÚCUTA (CT),Domingo,10:00,BARRIO OSPINA PEREZ,URBANA,CASAS DE HABITACION,ARMA DE FUEGO,VEHICULO,A PIE,22,MASCULINO,UNION LIBRE,EMPLEADO PARTICULAR,NO REPORTADA,PRIMARIA,COLOMBIA,"5,490,000",1
01/10/2012 12:00:00 AM,GUAJIRA,DIBULLA,Lunes,12:00,-,RURAL,FINCAS Y SIMILARES,NO REPORTADA,CONDUCTOR MOTOCICLETA,VEHICULO,61,MASCULINO,CASADO,COMERCIANTE,NO REPORTADA,SECUNDARIA,COLOMBIA,"11,001,000",1
01/10/2012 12:00:00 AM,VALLE,CALI (CT),Lunes,12:04,EL LIMONAR E17,URBANA,VIAS PUBLICAS,ARMA DE FUEGO,A PIE,A PIE,29,MASCULINO,UNION LIBRE,AGRICULTOR,NO REPORTADA,SECUNDARIA,COLOMBIA,"13,001,000",1
01/10/2012 12:00:00 AM,NORTE DE SANTANDER,CHINÁCOTA,Lunes,12:30,VEREDA URRENGUE,RURAL,FINCAS Y SIMILARES,ARMA DE FUEGO,A PIE,VEHICULO,34,FEMENINO,CASADO,COMERCIANTE,NO REPORTADA,SECUNDARIA,COLOMBIA,"76,109,000",1
01/10/2012 12:00:00 AM,NORTE DE SANTANDER,CHINÁCOTA,Lunes,12:30,VEREDA URRENGUE,RURAL,FINCAS Y SIMILARES,NO REPORTADA,A PIE,CONDUCTOR MOTOCICLETA,16,FEMENINO,SOLTERO,ESTUDIANTE,NO REPORTADA,NO REPORTADA,COLOMBIA,"41,551,000",1
01/10/2012 12:00:00 AM,NORTE DE SANTANDER,CHINÁCOTA,Lunes,12:30,VEREDA URRENGUE,RURAL,FINCAS Y SIMILARES,ARMA DE FUEGO,A PIE,A PIE,45,MASCULINO,CASADO,COMERCIANTE,NO REPORTADA,PRIMARIA,COLOMBIA,"11,001,000",1
04/10/2012 12:00:00 AM,ANTIOQUIA,MEDELLÍN (CT),Jueves,9:30,CORAZON DE JESUS C-10,URBANA,VIAS PUBLICAS,ARMA DE FUEGO,VEHICULO,A PIE,52,MASCULINO,CASADO,COMERCIANTE,NO REPORTADA,SECUNDARIA,COLOMBIA,"50,573,000",1
07/10/2012 12:00:00 AM,VALLE,CAICEDONIA,Domingo,10:00,VDA - EL CRUCERO,RURAL,FINCAS Y SIMILARES,ARMA DE FUEGO,A PIE,A PIE,8,FEMENINO,SOLTERO,ESTUDIANTE,NO REPORTADA,PRIMARIA,COLOMBIA,"50,001,000",1
07/10/2012 12:00:00 AM,CALDAS,MANIZALES (CT),Domingo,10:00,SOLFERINO,URBANA,VIAS PUBLICAS,ARMA DE FUEGO,A PIE,A PIE,25,MASCULINO,SOLTERO,EMPLEADO PARTICULAR,NO REPORTADA,SECUNDARIA,COLOMBIA,"52,079,000",1
09/10/2012 12:00:00 AM,BOYACÁ,TUNJA (CT),Martes,18:05,VILLA UNIVERSITARIA,URBANA,"COLEGIOS, ESCUELAS",NO REPORTADA,VEHICULO,VEHICULO,11,MASCULINO,SOLTERO,ESTUDIANTE,NO REPORTADA,SECUNDARIA,COLOMBIA,"73,001,000",1
11/10/2012 12:00:00 AM,ANTIOQUIA,CALDAS,Jueves,17:30,VDA. PRIMAVERA,RURAL,FINCAS Y SIMILARES,ARMA DE FUEGO,CONDUCTOR MOTOCICLETA,A PIE,51,MASCULINO,SOLTERO,COMERCIANTE,NO REPORTADA,SECUNDARIA,COLOMBIA,"54,720,000",1
13/10/2012,BOYACÁ,RAMIRIQUÍ,Sábado,18:00,-,URBANA,NO DEFINIDO,ARMA DE FUEGO,VEHICULO,A PIE,56,MASCULINO,DIVORCIADO,AGRICULTOR,NO REPORTADA,PRIMARIA,COLOMBIA,"19,450,000",1
15/10/2012,ARAUCA,TAME,Lunes,21:00,-,RURAL,FINCAS Y SIMILARES,ARMA DE FUEGO,VEHICULO,A PIE,19,MASCULINO,UNION LIBRE,EMPLEADO PARTICULAR,NO REPORTADA,SECUNDARIA,COLOMBIA,"73,555,000",1
15/10/2012,CAUCA,POPAYÁN (CT),Lunes,1:00,LA ESMERALDA,URBANA,DISCOTECAS,ARMA DE FUEGO,A PIE,VEHICULO,57,MASCULINO,UNION LIBRE,COMERCIANTE,NO REPORTADA,SECUNDARIA,COLOMBIA,"5,001,000",1
15/10/2012,HUILA,OPORAPA,Lunes,23:30,VEREDA PARAGUAY,RURAL,FINCAS Y SIMILARES,ARMA DE FUEGO,A PIE,A PIE,23,MASCULINO,UNION LIBRE,AGRICULTOR,NO REPORTADA,SECUNDARIA,COLOMBIA,"25,290,000",1
16/10/2012,CAQUETÁ,FLORENCIA (CT),Martes,17:30,ATALAYA,URBANA,CASAS DE HABITACION,ARMA DE FUEGO,A PIE,A PIE,24,MASCULINO,UNION LIBRE,EMPLEADO PARTICULAR,NO REPORTADA,SECUNDARIA,COLOMBIA,"25,290,000",1
16/10/2012,TOLIMA,PRADO,Martes,4:00,-,RURAL,FINCAS Y SIMILARES,ARMA DE FUEGO,A PIE,A PIE,73,MASCULINO,CASADO,GANADERO,NO REPORTADA,PRIMARIA,COLOMBIA,"25,290,000",1
17/10/2012,CUNDINAMARCA,MEDINA,Miércoles,20:00,-,RURAL,FINCAS Y SIMILARES,ARMA DE FUEGO,A PIE,A PIE,36,MASCULINO,CASADO,COMERCIANTE,NO REPORTADA,SECUNDARIA,COLOMBIA,"25,290,000",1
17/10/2012,CUNDINAMARCA,MEDINA,Miércoles,20:00,-,RURAL,FINCAS Y SIMILARES,ARMA DE FUEGO,A PIE,A PIE,-,FEMENINO,CASADO,COMERCIANTE,NO REPORTADA,SECUNDARIA,NO REPORTADA,"25,290,000",1
20/10/2012,NORTE DE SANTANDER,OCAÑA,Sábado,15:30,CORREGIMIENTO PUEBLO NUEVO,URBANA,FINCAS Y SIMILARES,ARMA DE FUEGO,VEHICULO,CONDUCTOR MOTOCICLETA,61,MASCULINO,CASADO,COMERCIANTE,NO REPORTADA,SECUNDARIA,COLOMBIA,"81,794,000",1
23/10/2012,ANTIOQUIA,MEDELLÍN (CT),Martes,12:05,CONQUISTADORES C-11,URBANA,RODANDO SOBRE VIA NO REPORTADA VIA PUBLICA,ARMA DE FUEGO,VEHICULO,VEHICULO,28,FEMENINO,SOLTERO,EMPLEADO PARTICULAR,ADMINISTRADOR DE EMPRESAS,SUPERIOR,COLOMBIA,"5,088,000",1
24/10/2012,CAQUETÁ,SAN VICENTE DEL CAGUÁN,Miércoles,21:00,-,RURAL,FINCAS Y SIMILARES,ARMA DE FUEGO,VEHICULO,VEHICULO,53,FEMENINO,CASADO,AMA DE CASA,NO REPORTADA,SECUNDARIA,COLOMBIA,"52,405,000",1
26/10/2012,CAUCA,CAJIBÍO,Viernes,23:00,-,URBANA,NO DEFINIDO,ARMA DE FUEGO,A PIE,A PIE,33,FEMENINO,CASADO,AMA DE CASA,NO REPORTADA,NO REPORTADA,COLOMBIA,"11,001,000",1
27/10/2012,BOYACÁ,GUAYATÁ,Sábado,17:10,VDA. GUAQUIRA,RURAL,NO DEFINIDO,ARMA DE FUEGO,A PIE,VEHICULO,43,MASCULINO,SOLTERO,AGRICULTOR,NO REPORTADA,PRIMARIA,COLOMBIA,"11,001,000",1
28/10/2012,CASANARE,YOPAL (CT),Domingo,18:30,-,RURAL,FINCAS Y SIMILARES,ARMA DE FUEGO,VEHICULO,A PIE,66,MASCULINO,UNION LIBRE,GANADERO,NO REPORTADA,SECUNDARIA,COLOMBIA,"41,807,000",1
30/10/2012,NORTE DE SANTANDER,BOCHALEMA,Martes,22:05,CORREGIMENTO LA DON JUANA,RURAL,FINCAS Y SIMILARES,ARMA DE FUEGO,PASAJERO MOTOCICLETA,A PIE,20,MASCULINO,SOLTERO,ESTUDIANTE,NO REPORTADA,SUPERIOR,COLOMBIA,"86,569,000",1
01/11/2012 12:00:00 AM,CUNDINAMARCA,TENJO,Jueves,21:20,VER.CHACAL,RURAL,FINCAS Y SIMILARES,ARMA DE FUEGO,VEHICULO,A PIE,67,MASCULINO,CASADO,GANADERO,NO REPORTADA,PRIMARIA,COLOMBIA,"86,885,000",1
04/11/2012 12:00:00 AM,CUNDINAMARCA,BOGOTÁ D.C. (CT),Domingo,8:00,-,URBANA,VIAS PUBLICAS,ARMA DE FUEGO,A PIE,A PIE,55,MASCULINO,SOLTERO,EMPLEADO PARTICULAR,INGENIERO,SUPERIOR,COLOMBIA,"85,250,000",1
08/11/2012 12:00:00 AM,GUAJIRA,MAICAO,Jueves,16:15,-,URBANA,FRENTE A ALMACEN NO REPORTADA VIA PUBLICA,ARMA BLANCA / CORTOPUNZANTE,VEHICULO,VEHICULO,54,MASCULINO,CASADO,COMERCIANTE,NO REPORTADA,SECUNDARIA,LIBANO,"76,246,000",1
09/11/2012 12:00:00 AM,CUNDINAMARCA,BOGOTÁ D.C. (CT),Viernes,6:00,CEREZOS DE SUBA E-11,URBANA,CASAS DE HABITACION,ARMA BLANCA / CORTOPUNZANTE,VEHICULO,VEHICULO,23,MASCULINO,SOLTERO,COMERCIANTE,NO REPORTADA,SUPERIOR,COLOMBIA,"76,246,000",1
11/11/2012 12:00:00 AM,MAGDALENA,SANTA MARTA (CT),Domingo,23:28,-,RURAL,FINCAS Y SIMILARES,ARMA DE FUEGO,A PIE,VEHICULO,53,MASCULINO,UNION LIBRE,EMPLEADO PARTICULAR,NO REPORTADA,PRIMARIA,COLOMBIA,"76,001,000",1
15/11/2012,MAGDALENA,ZONA BANANERA,Jueves,15:45,-,RURAL,FINCAS Y SIMILARES,ARMA DE FUEGO,NO REPORTADA,A PIE,47,MASCULINO,CASADO,AGRICULTOR,NO REPORTADA,SECUNDARIA,COLOMBIA,"50,400,000",1
15/11/2012,CUNDINAMARCA,BOGOTÁ D.C. (CT),Jueves,0:00,CHAPINERO NORTE E-2,URBANA,TRANSPORTE PÚBLICO,ARMA DE FUEGO,VEHICULO,CONDUCTOR MOTOCICLETA,61,MASCULINO,NO REPORTADA,EMPLEADO PARTICULAR,ABOGADO,SUPERIOR,COLOMBIA,"81,794,000",1
17/11/2012,TOLIMA,IBAGUÉ (CT),Sábado,23:30,VRDA. SANTA TERESA,RURAL,FINCAS Y SIMILARES,ARMA DE FUEGO,A PIE,VEHICULO,9,FEMENINO,SOLTERO,ESTUDIANTE,NO REPORTADA,PRIMARIA,COLOMBIA,"54,001,000",1
19/11/2012,ANTIOQUIA,MEDELLÍN (CT),Lunes,10:00,LA CANDELARIA C-10,URBANA,VIAS PUBLICAS,ARMA DE FUEGO,A PIE,A PIE,49,MASCULINO,UNION LIBRE,EMPLEADO PARTICULAR,NO REPORTADA,SECUNDARIA,COLOMBIA,"85,125,000",1
20/11/2012,VALLE,CARTAGO,Martes,19:10,-,URBANA,COMPRAVENTA,ARMA DE FUEGO,A PIE,A PIE,47,MASCULINO,CASADO,COMERCIANTE,NO REPORTADA,SECUNDARIA,COLOMBIA,"85,125,000",1
20/11/2012,RISARALDA,PEREIRA (CT),Martes,20:00,MONSERRATE,URBANA,CASAS DE HABITACION,ARMA DE FUEGO,A PIE,CONDUCTOR MOTOCICLETA,17,MASCULINO,SOLTERO,ESTUDIANTE,NO REPORTADA,NO REPORTADO,COLOMBIA,"54,001,000",1
24/11/2012,NARIÑO,LA CRUZ,Sábado,0:00,-,RURAL,FINCAS Y SIMILARES,ARMA DE FUEGO,A PIE,A PIE,19,MASCULINO,SOLTERO,COMERCIANTE,NO REPORTADA,SECUNDARIA,COLOMBIA,"54,003,000",1
24/11/2012,CESAR,AGUACHICA,Sábado,17:40,ALCONES,URBANA,NO DEFINIDO,ARMA DE FUEGO,A PIE,VEHICULO,2,MASCULINO,SOLTERO,NO REPORTA,NO REPORTADA,NO REPORTADA,COLOMBIA,"52,399,000",1
24/11/2012,CESAR,AGUACHICA,Sábado,17:40,ALCONES,URBANA,NO DEFINIDO,ARMA DE FUEGO,A PIE,A PIE,25,FEMENINO,UNION LIBRE,AMA DE CASA,NO REPORTADA,SECUNDARIA,COLOMBIA,"18,001,000",1
26/11/2012,VALLE,CALI (CT),Lunes,21:00,CANEY E17,URBANA,VIAS PUBLICAS,ARMA DE FUEGO,CONDUCTOR MOTOCICLETA,CONDUCTOR MOTOCICLETA,38,MASCULINO,UNION LIBRE,COMERCIANTE,NO REPORTADA,TECNICO,COLOMBIA,"5,440,000",1
26/11/2012,VALLE,CALI (CT),Lunes,21:00,CANEY E17,URBANA,VIAS PUBLICAS,ARMA DE FUEGO,A PIE,A PIE,45,FEMENINO,UNION LIBRE,COMERCIANTE,NO REPORTADA,SECUNDARIA,COLOMBIA,"73,001,000",1
27/11/2012,VALLE,CALI (CT),Martes,23:30,LOS CAMBULOS E19,URBANA,RODANDO SOBRE VIA NO REPORTADA VIA PUBLICA,ARMA DE FUEGO,A PIE,A PIE,22,MASCULINO,SOLTERO,ESTUDIANTE,NO REPORTADA,SUPERIOR,COLOMBIA,"73,001,000",1
29/11/2012,CALDAS,SUPÍA,Jueves,18:30,BARRIO SAN LORENZO,URBANA,CASAS DE HABITACION,ARMA DE FUEGO,A PIE,A PIE,9,MASCULINO,SOLTERO,ESTUDIANTE,NO REPORTADA,PRIMARIA,COLOMBIA,"73,001,000",1
29/11/2012,CALDAS,SUPÍA,Jueves,18:30,BARRIO SAN LORENZO,URBANA,CASAS DE HABITACION,ARMA DE FUEGO,A PIE,A PIE,7,MASCULINO,SOLTERO,ESTUDIANTE,NO REPORTADA,PRIMARIA,COLOMBIA,"73,001,000",1
29/11/2012,CAUCA,TOTORÓ,Jueves,19:00,VDA NOVIRAO,RURAL,FINCAS Y SIMILARES,ARMA DE FUEGO,A PIE,A PIE,64,MASCULINO,UNION LIBRE,INDEPENDIENTE,NO REPORTADA,PRIMARIA,ESPAÑA,"73,001,000",1
02/12/2012 12:00:00 AM,ARAUCA,TAME,Domingo,12:00,-,URBANA,FINCAS Y SIMILARES,ARMA DE FUEGO,A PIE,VEHICULO,35,MASCULINO,SOLTERO,GANADERO,NO REPORTADA,PRIMARIA,COLOMBIA,"68,655,000",1
03/12/2012 12:00:00 AM,VALLE,BUENAVENTURA,Lunes,16:45,INDEPENDENCIA,URBANA,FRENTE A ALMACEN NO REPORTADA VIA PUBLICA,ARMA DE FUEGO,A PIE,A PIE,22,MASCULINO,UNION LIBRE,EMPLEADO PARTICULAR,NO REPORTADA,SECUNDARIA,COLOMBIA,"86,569,000",1
03/12/2012 12:00:00 AM,HUILA,PALESTINA,Lunes,20:00,-,RURAL,CASAS DE HABITACION,ARMA DE FUEGO,A PIE,A PIE,33,MASCULINO,CASADO,AGRICULTOR,NO REPORTADA,PRIMARIA,COLOMBIA,"18,753,000",1
06/12/2012 12:00:00 AM,CAQUETÁ,FLORENCIA (CT),Jueves,18:15,EL PORVENIR,URBANA,UNIVERSIDADES,ARMA DE FUEGO,A PIE,A PIE,51,FEMENINO,CASADO,EMPLEADO PARTICULAR,NO REPORTADA,SUPERIOR,COLOMBIA,"27,205,000",1
07/12/2012 12:00:00 AM,VALLE,CALI (CT),Viernes,16:00,PRADOS DE ORIENTE E11,URBANA,VIAS PUBLICAS,ARMA BLANCA / CORTOPUNZANTE,CONDUCTOR MOTOCICLETA,VEHICULO,-,MASCULINO,UNION LIBRE,COMERCIANTE,NO REPORTADA,PRIMARIA,COLOMBIA,"11,001,000",1
07/12/2012 12:00:00 AM,VALLE,CALI (CT),Viernes,16:00,PRADOS DE ORIENTE E11,URBANA,VIAS PUBLICAS,ARMA DE FUEGO,A PIE,A PIE,30,MASCULINO,SOLTERO,COMERCIANTE,NO REPORTADA,SECUNDARIA,COLOMBIA,"81,001,000",1
08/12/2012 12:00:00 AM,CAUCA,SANTANDER DE QUILICHAO,Sábado,20:30,-,RURAL,FINCAS Y SIMILARES,ARMA DE FUEGO,A PIE,A PIE,44,FEMENINO,CASADO,COMERCIANTE,NO REPORTADA,SECUNDARIA,COLOMBIA,"54,498,000",1
08/12/2012 12:00:00 AM,CAUCA,SANTANDER DE QUILICHAO,Sábado,20:30,-,RURAL,FINCAS Y SIMILARES,NO REPORTADA,NO REPORTADA,NO REPORTADA,58,MASCULINO,CASADO,COMERCIANTE,NO REPORTADA,SECUNDARIA,COLOMBIA,"25,530,000",1
09/12/2012 12:00:00 AM,ARAUCA,ARAUCA (CT),Domingo,19:45,VEREDA ARRECIFES,RURAL,FINCAS Y SIMILARES,ARMA DE FUEGO,PASAJERO BUS,A PIE,63,FEMENINO,CASADO,AGRICULTOR,NO REPORTADA,PRIMARIA,COLOMBIA,"44,378,000",1
12/12/2012 12:00:00 AM,ARAUCA,SARAVENA,Miércoles,10:00,-,URBANA,VIAS PUBLICAS,ARMA BLANCA / CORTOPUNZANTE,A PIE,A PIE,35,MASCULINO,SOLTERO,EMPLEADO PARTICULAR,INGENIERO CIVIL,SUPERIOR,COLOMBIA,"5,147,000",1
12/12/2012 12:00:00 AM,ARAUCA,SARAVENA,Miércoles,10:00,-,URBANA,VIAS PUBLICAS,NO REPORTADA,CONDUCTOR MOTOCICLETA,A PIE,59,MASCULINO,CASADO,EMPLEADO PARTICULAR,INGENIERO CIVIL,SUPERIOR,COLOMBIA,"20,045,000",1
12/12/2012 12:00:00 AM,ARAUCA,SARAVENA,Miércoles,10:00,-,URBANA,VIAS PUBLICAS,NO REPORTADA,A PIE,VEHICULO,58,MASCULINO,SOLTERO,EMPLEADO PARTICULAR,INGENIERO CIVIL,SUPERIOR,COLOMBIA,"76,001,000",1
12/12/2012 12:00:00 AM,ARAUCA,SARAVENA,Miércoles,10:00,-,URBANA,VIAS PUBLICAS,NO REPORTADA,A PIE,VEHICULO,24,MASCULINO,SOLTERO,EMPLEADO PARTICULAR,NO REPORTADA,SECUNDARIA,COLOMBIA,"76,001,000",1
13/12/2012,CAUCA,POPAYÁN (CT),Jueves,13:30,-,URBANA,PUENTE,NO REPORTADA,A PIE,A PIE,31,FEMENINO,SOLTERO,EDUCADOR,INGENIERO INDUSTRIAL,SUPERIOR,COLOMBIA,"50,606,000",1
16/12/2012,VALLE,PALMIRA,Domingo,13:27,VERSALLES,URBANA,DISCOTECAS,ARMA DE FUEGO,VEHICULO,VEHICULO,21,MASCULINO,SOLTERO,ESTUDIANTE,NO REPORTADA,SECUNDARIA,COLOMBIA,"11,001,000",1
17/12/2012,GUAJIRA,RIOHACHA (CT),Lunes,17:00,CENTRO,URBANA,TRANSPORTE PÚBLICO,ARMA DE FUEGO,A PIE,A PIE,-,FEMENINO,SOLTERO,ESTUDIANTE,NO REPORTADA,SECUNDARIA,COLOMBIA,"19,256,000",1
17/12/2012,CAUCA,POPAYÁN (CT),Lunes,10:00,-,URBANA,TERMINAL DE TRANSPORTES,ARMA DE FUEGO,A PIE,A PIE,26,MASCULINO,SOLTERO,COMERCIANTE,NO REPORTADA,SECUNDARIA,COLOMBIA,"76,109,000",1
20/12/2012,CAUCA,PIAMONTE,Jueves,7:00,-,RURAL,FINCAS Y SIMILARES,ARMA DE FUEGO,A PIE,A PIE,43,MASCULINO,CASADO,AGRICULTOR,NO REPORTADA,PRIMARIA,COLOMBIA,"76,520,000",1
20/12/2012,ANTIOQUIA,YOLOMBÓ,Jueves,11:30,VENGALA,RURAL,FINCAS Y SIMILARES,ARMA DE FUEGO,A PIE,VEHICULO,7,FEMENINO,SOLTERO,ESTUDIANTE,NO REPORTADA,NO REPORTADA,NO REPORTADA,"11,001,000",1
21/12/2012,NORTE DE SANTANDER,CONVENCIÓN,Viernes,18:00,VEREDA LA MATA DE ENEA,RURAL,VIAS PUBLICAS,ARMA DE FUEGO,A PIE,A PIE,27,MASCULINO,CASADO,EMPLEADO EJERCITO,NO REPORTADA,PRIMARIA,COLOMBIA,"76,834,000",1
27/12/2012,META,GRANADA,Jueves,19:10,-,URBANA,FRENTE CLINICA U HOSPITAL NO REPORTADA VIA PUBLICA,ARMA DE FUEGO,A PIE,A PIE,23,FEMENINO,SOLTERO,EMPLEADO PARTICULAR,TECNOLOGO,TECNOLOGO,COLOMBIA,"76,834,000",1
29/12/2012,NORTE DE SANTANDER,EL ZULIA,Sábado,23:10,-,URBANA,VIAS PUBLICAS,ARMA DE FUEGO,A PIE,A PIE,3,FEMENINO,SOLTERO,ESTUDIANTE,NO REPORTADA,NO REPORTADA,CANADA,"18,860,000",1
30/12/2012,CUNDINAMARCA,FUSAGASUGÁ,Domingo,0:00,-,URBANA,VIAS PUBLICAS,ARMA DE FUEGO,VEHICULO,A PIE,21,MASCULINO,UNION LIBRE,EMPLEADO PARTICULAR,NO REPORTADA,SECUNDARIA,COLOMBIA,"20,550,000",1
TOTAL,,,,,,,,,,,,,,,,,,,305
