MUNICIPIO,INSTITUCIÓN EDUCATIVA,SEDE,FEMENINO,MASCULINO
ALCALÁ,IE ARTURO GOMEZ JARAMILLO,ARTURO GOMEZ JARAMILLO,23,17
ALCALÁ,IE ARTURO GOMEZ JARAMILLO,CRISTOBAL COLON,1,0
ALCALÁ,IE ARTURO GOMEZ JARAMILLO,FRANCISCO DE PAULA SANTANDER,0,1
ALCALÁ,IE ARTURO GOMEZ JARAMILLO,JOSE IGNACIO RENGIFO,2,3
ALCALÁ,IE ARTURO GOMEZ JARAMILLO,MANUEL MEJIA,2,0
ALCALÁ,IE ARTURO GOMEZ JARAMILLO,NUEVA GRANADA,1,1
ALCALÁ,IE ARTURO GOMEZ JARAMILLO,SANTA TERESITA,0,2
ALCALÁ,IE ARTURO GOMEZ JARAMILLO,SANTO TOMAS DE AQUINO,13,16
ALCALÁ,IE SAN JOSE,MARIA AUXILIADORA,16,13
ALCALÁ,IE SAN JOSE,SAN JOSÉ,9,10
ANDALUCÍA,IE AGRICOLA CAMPOALEGRE,AGRICOLA CAMPOALEGRE,1,1
ANDALUCÍA,IE AGRICOLA CAMPOALEGRE,ISABEL ARAGON,1,0
ANDALUCÍA,IE AGRICOLA CAMPOALEGRE,JOSE MARIA CORDOBA,1,0
ANDALUCÍA,IE AGRICOLA CAMPOALEGRE,PRIMITIVO CRESPO,0,1
ANDALUCÍA,IE ELEAZAR LIBREROS SALAMANCA,ANTONIA SANTOS,0,3
ANDALUCÍA,IE ELEAZAR LIBREROS SALAMANCA,ELEAZAR LIBREROS SALAMANCA,20,15
ANDALUCÍA,IE ELEAZAR LIBREROS SALAMANCA,JUAN DE DIOS RODRIGUEZ,1,3
ANDALUCÍA,IE ELEAZAR LIBREROS SALAMANCA,MANUELA BELTRAN,1,3
ANDALUCÍA,IE ELEAZAR LIBREROS SALAMANCA,MARCO TULIO LORA,2,3
ANDALUCÍA,IE ELEAZAR LIBREROS SALAMANCA,PEDRO ANTONIO MOLINA,3,4
ANDALUCÍA,IE ELEAZAR LIBREROS SALAMANCA,SAN VICENTE FERRER,1,1
ANDALUCÍA,IE ELEAZAR LIBREROS SALAMANCA,SIMON BOLIVAR,9,2
ANSERMANUEVO,IE EL PLACER,EL PLACER,2,0
ANSERMANUEVO,IE EL PLACER,JUAN XXIII,1,0
ANSERMANUEVO,IE EL PLACER,RICARDO NIETO,0,2
ANSERMANUEVO,IE JORGE ISAACS,CARTAGENA DE INDIAS,1,2
ANSERMANUEVO,IE JORGE ISAACS,JORGE ISAACS,2,1
ANSERMANUEVO,IE SANTA ANA DE LOS CABALLEROS,ANTONIO JOSE DE SUCRE,1,1
ANSERMANUEVO,IE SANTA ANA DE LOS CABALLEROS,ANTONIO RICAURTE,1,1
ANSERMANUEVO,IE SANTA ANA DE LOS CABALLEROS,LAUREANO GOMEZ,1,0
ANSERMANUEVO,IE SANTA ANA DE LOS CABALLEROS,MARCO FIDEL SUAREZ,4,2
ANSERMANUEVO,IE SANTA ANA DE LOS CABALLEROS,PIO XII,2,2
ANSERMANUEVO,IE SANTA ANA DE LOS CABALLEROS,SANTA ANA DE LOS CABALLEROS,4,3
ANSERMANUEVO,IE SANTA INES,SANTA INES,2,1
ARGELIA,IE GILBERTO ALZATE AVENDAÑO.,FABIO MARTÍNEZ CIFUENTES,0,2
ARGELIA,IE GILBERTO ALZATE AVENDAÑO.,GILBERTO ALZATE AVENDAÑO,19,9
ARGELIA,IE GILBERTO ALZATE AVENDAÑO.,MANUEL MEJIA VÉLEZ,3,8
ARGELIA,IE SANTIAGO GUTIERREZ ANGEL,ANTONIA SANTOS,1,0
ARGELIA,IE SANTIAGO GUTIERREZ ANGEL,BUENOS AIRES,1,0
ARGELIA,IE SANTIAGO GUTIERREZ ANGEL,CRISTOBAL COLON,0,1
ARGELIA,IE SANTIAGO GUTIERREZ ANGEL,FRANCISCO JOSE DE CALDAS,0,1
ARGELIA,IE SANTIAGO GUTIERREZ ANGEL,JUAN HURTADO,0,1
ARGELIA,IE SANTIAGO GUTIERREZ ANGEL,PABLO GERARDO PEREZ,1,0
ARGELIA,IE SANTIAGO GUTIERREZ ANGEL,PANAMERICANA,2,0
ARGELIA,IE SANTIAGO GUTIERREZ ANGEL,SANTA ELENA,0,3
ARGELIA,IE SANTIAGO GUTIERREZ ANGEL,SANTIAGO GUTIERREZ ANGEL,6,5
BOLÍVAR,IE BETANIA,MANUEL DOLORES MONDRAGON,2,0
BOLÍVAR,IE BETANIA,SANTA MONICA,1,1
BOLÍVAR,IE LA TULIA,ANTONIO NARIÑO,2,3
BOLÍVAR,IE LA TULIA,MANUEL DOLORES MONDRAGON,3,5
BOLÍVAR,IE LA TULIA,MARIA INMACULADA,4,0
BOLÍVAR,IE MANUEL DOLORES MONDRAGON,JULIO CAICEDO Y TELLEZ,0,1
BOLÍVAR,IE MANUEL DOLORES MONDRAGON,MANUEL DOLORES MONDRAGON,2,5
BOLÍVAR,IE MANUEL DOLORES MONDRAGON,MARIA AGUSTINA MADRID,0,1
BOLÍVAR,IE NARANJAL,MANUEL DOLORES MONDRAGON,5,4
BOLÍVAR,IE NARANJAL,SANJUAN BOSCO,2,4
BOLÍVAR,IE PRIMAVERA,CONCENTRACION AGRICOLA,1,2
BOLÍVAR,IE PRIMAVERA,MARIA AUXILIADORA,2,1
BOLÍVAR,IE PRIMAVERA,POLICARPA SALAVARRIETA,1,1
BOLÍVAR,IE RODRIGO LLOREDA CAICEDO,POLICARPA SALAVARRIETA,0,1
BOLÍVAR,IE RODRIGO LLOREDA CAICEDO,RODRIGO LLOREDA,3,2
BUGALAGRANDE,IE  CEILAN,ALFONSO LOPEZ PUMAREJO,3,2
BUGALAGRANDE,IE  CEILAN,ALTO BONITO,5,2
BUGALAGRANDE,IE  CEILAN,DIVINO NIÑO,2,2
BUGALAGRANDE,IE  CEILAN,INSTITUTO AGRICOLA CEILAN,18,15
BUGALAGRANDE,IE  CEILAN,JOSE ACEVEDO Y GOMEZ,1,1
BUGALAGRANDE,IE  CEILAN,JOSE ASUNCION SILVA,0,2
BUGALAGRANDE,IE  CEILAN,JOSE JOAQUIN CASAS,1,0
BUGALAGRANDE,IE  CEILAN,POLICARPA SALAVARRIETA,8,9
BUGALAGRANDE,IE  CEILAN,SIMON BOLIVAR,11,3
BUGALAGRANDE,IE  CEILAN,VIRGEN LA MILAGROSA,0,1
BUGALAGRANDE,IE ANTONIO NARIÑO,ANTONIO NARIÑO,28,19
BUGALAGRANDE,IE ANTONIO NARIÑO,JOSE MARÍA CABAL,2,0
BUGALAGRANDE,IE ANTONIO NARIÑO,MAGDALENA ORTEGA,5,10
BUGALAGRANDE,IE ANTONIO NARIÑO,MARÍA INMACULADA,4,5
BUGALAGRANDE,IE ANTONIO NARIÑO,SAN JOSE,1,0
BUGALAGRANDE,IE DIEGO RENGIFO SALAZAR,ANTONIO NARIÑO CHORRERAS,8,6
BUGALAGRANDE,IE DIEGO RENGIFO SALAZAR,ANTONIO NARIÑO LA URIBE,1,0
BUGALAGRANDE,IE DIEGO RENGIFO SALAZAR,ANTONIO RICAURTE,6,2
BUGALAGRANDE,IE DIEGO RENGIFO SALAZAR,CAMILO TORRES,0,1
BUGALAGRANDE,IE DIEGO RENGIFO SALAZAR,DIEGO RENGIFO SALAZAR,9,6
BUGALAGRANDE,IE DIEGO RENGIFO SALAZAR,ERNESTO PIZARRO,1,0
BUGALAGRANDE,IE DIEGO RENGIFO SALAZAR,JHON F. KENEDY,0,3
BUGALAGRANDE,IE DIEGO RENGIFO SALAZAR,JUAN DEL CORRAL,1,7
BUGALAGRANDE,IE DIEGO RENGIFO SALAZAR,JUAN XXIII,0,1
BUGALAGRANDE,IE DIEGO RENGIFO SALAZAR,JULIAN URIBE URIBE,0,4
BUGALAGRANDE,IE DIEGO RENGIFO SALAZAR,MARIANO OSPINA PEREZ,2,3
BUGALAGRANDE,IE MARIANO GONZALEZ,ANTONIA SANTOS,0,2
BUGALAGRANDE,IE MARIANO GONZALEZ,ANTONIO NARIÑO,3,2
BUGALAGRANDE,IE MARIANO GONZALEZ,FRANCISCO DE PAULA SANTANDER,1,0
BUGALAGRANDE,IE MARIANO GONZALEZ,JUAN JOSE RONDON,0,1
BUGALAGRANDE,IE MARIANO GONZALEZ,JULIO ARBOLEDA,3,0
BUGALAGRANDE,IE MARIANO GONZALEZ,MARIANO GONZALEZ,0,6
CAICEDONIA,IE ANTONIA SANTOS,ANTONIA SANTOS,3,4
CAICEDONIA,IE ANTONIA SANTOS,GUILLERMO BORRERO OLANO,3,4
CAICEDONIA,IE ANTONIA SANTOS,SANTA RITA NO 12,1,0
CAICEDONIA,IE BOLIVARIANO,BOLIVARIANO,10,17
CAICEDONIA,IE BOLIVARIANO,CENT DOC NO 03 LAS AMERICAS,2,3
CAICEDONIA,IE BOLIVARIANO,CENT DOC NO 05 SANTA INES,1,1
CAICEDONIA,IE BOLIVARIANO,CONC  URB  JOSE EUSEBIO CARO,3,3
CAICEDONIA,IE BOLIVARIANO,GABRIELA MISTRAL,3,2
CAICEDONIA,IE BOLIVARIANO,NUESTRA SEÑORA DEL CARMEN,0,1
CAICEDONIA,IE GILBERTO ALZATE AVENDAÑO,CENT DOC   NO  29 POLICARPA SALAVARRIETA,1,1
CAICEDONIA,IE GILBERTO ALZATE AVENDAÑO,CENT DOC   NO 32 LA PAVA,0,1
CAICEDONIA,IE GILBERTO ALZATE AVENDAÑO,CENT DOC NO 22  GILBERTO ALZATE AVENDAÑO,7,5
CAICEDONIA,IE GILBERTO ALZATE AVENDAÑO,ESC RUR  MIX  NO 47  JUAN PABLO I,0,2
CAICEDONIA,IE LA CONSOLITA,CELIO BAENA,0,1
CAICEDONIA,IE LA CONSOLITA,LA CONSOLITA,3,5
CAICEDONIA,IE LA CONSOLITA,LA POLA,0,1
CAICEDONIA,IE LA CONSOLITA,SAN LUIS,0,1
CAICEDONIA,IE NORMAL SUPERIOR MARIA INMACULADA,CENT  DOC  NO  08 TRES DE AGOSTO,2,1
CAICEDONIA,IE NORMAL SUPERIOR MARIA INMACULADA,CENT DOC N 01 PARROQUIAL,1,1
CAICEDONIA,IE NORMAL SUPERIOR MARIA INMACULADA,CENT DOC NO  01 ANEXA MARIA INMACULADA,5,5
CAICEDONIA,IE NORMAL SUPERIOR MARIA INMACULADA,CENT DOC NO  36 LAS CARMELITAS,0,2
CAICEDONIA,IE NORMAL SUPERIOR MARIA INMACULADA,CENT DOC NO 04 SANTA ISABEL,1,0
CAICEDONIA,IE NORMAL SUPERIOR MARIA INMACULADA,ESC NORMAL SUPERIOR MARIA INMACULADA,13,10
CAICEDONIA,IE NORMAL SUPERIOR MARIA INMACULADA,JARD  INF MARCO FIDEL SUAREZ,1,0
CAICEDONIA,IE SAGRADO CORAZON DE JESUS,BOLIVARIANO LA CAMELIA,1,1
CAICEDONIA,IE SAGRADO CORAZON DE JESUS,LAUREANO GOMEZ,1,2
CAICEDONIA,IE SAGRADO CORAZON DE JESUS,SAGRADO CORAZON DE JESUS,3,7
CAICEDONIA,IE SAGRADO CORAZON DE JESUS,SEDE SAN ISIDRO,2,3
CALIMA DARIEN,CE JOHN F. KENNEDY,GENERAL SANTANDER,0,1
CALIMA DARIEN,CE JOHN F. KENNEDY,SANTA ANA,0,1
CALIMA DARIEN,IE GIMNASIO DEL CALIMA,GABRIELA MISTRAL,14,8
CALIMA DARIEN,IE GIMNASIO DEL CALIMA,GIMNASIO DEL CALIMA,39,26
CALIMA DARIEN,IE GIMNASIO DEL CALIMA,MARIA INMACULADA,10,8
CALIMA DARIEN,IE PABLO VI,PABLO VI,2,1
CALIMA DARIEN,IE PABLO VI,SAN ALBERTO,2,0
CALIMA DARIEN,IE PABLO VI,SANTA TERESITA,1,0
CALIMA DARIEN,IE SIMON BOLIVAR,ERASMO VIVAS,6,2
CALIMA DARIEN,IE SIMON BOLIVAR,LA PLAYA,1,2
CALIMA DARIEN,IE SIMON BOLIVAR,LLANITOS,1,0
CALIMA DARIEN,IE SIMON BOLIVAR,NUESTRA SEÑORA  DE FATIMA,1,0
CALIMA DARIEN,IE SIMON BOLIVAR,PIO XII,1,1
CALIMA DARIEN,IE SIMON BOLIVAR,SAN JOSE,1,4
CALIMA DARIEN,IE SIMON BOLIVAR,SIMON BOLIVAR,44,30
CANDELARIA,I.E. INMACULADA CONCEPCION,EL  PARAISO,1,2
CANDELARIA,I.E. INMACULADA CONCEPCION,FRANCISCO JOSE DE CALDAS,0,3
CANDELARIA,I.E. INMACULADA CONCEPCION,JOSE EUSEBIO CARO,17,10
CANDELARIA,I.E. INMACULADA CONCEPCION,MANUELA BELTRAN,0,2
CANDELARIA,I.E. INMACULADA CONCEPCION,MARTIN LUTHER KING 20 DE JULIO,0,1
CANDELARIA,I.E. INMACULADA CONCEPCION,SANTA TERESITA,4,5
CANDELARIA,I.E. INMACULADA CONCEPCION,SANTIAGO RENGIFO SALCEDO,25,18
CANDELARIA,I.E. PANEBIANCO AMERICANO,ENRIQUE OLAYA HERRERA,1,1
CANDELARIA,I.E. PANEBIANCO AMERICANO,JOSE MARIA CORDOBA,4,6
CANDELARIA,I.E. PANEBIANCO AMERICANO,PANEBIANCO AMERICANO - SEDE PRINCIPAL,20,24
CANDELARIA,I.E. PANEBIANCO AMERICANO,SANTA RITA DE CASSIA,1,2
CANDELARIA,IE MARINO RENJIFO SALCEDO,ANTONIA SANTOS,1,8
CANDELARIA,IE MARINO RENJIFO SALCEDO,BENJAMIN HERRERA,1,3
CANDELARIA,IE MARINO RENJIFO SALCEDO,JOSE ACEVEDO Y GOMEZ,1,0
CANDELARIA,IE MARINO RENJIFO SALCEDO,LUIS CARLOS PEÑA,1,0
CANDELARIA,IE MARINO RENJIFO SALCEDO,MARINO RENJIFO SALCEDO,2,3
CANDELARIA,IE NUESTRA SEÑORA DE  LA CANDELARIA,ALFONSO LOPEZ PUMAREJO,18,17
CANDELARIA,IE NUESTRA SEÑORA DE  LA CANDELARIA,ANTONIO NARIÑO,14,14
CANDELARIA,IE NUESTRA SEÑORA DE  LA CANDELARIA,GENERAL SANTANDER,5,5
CANDELARIA,IE NUESTRA SEÑORA DE  LA CANDELARIA,GERMAN NIETO,5,10
CANDELARIA,IE NUESTRA SEÑORA DE  LA CANDELARIA,SAGRADA FAMILIA,14,1
CANDELARIA,IE NUESTRA SEÑORA DE  LA CANDELARIA,SANTO DOMINGO SAVIO,6,3
CANDELARIA,IE RODRIGO LLOREDA CAICEDO,JOSE ANTONIO GALAN,13,7
CANDELARIA,IE RODRIGO LLOREDA CAICEDO,JOSE CELESTINO MUTIS,0,2
CANDELARIA,IE RODRIGO LLOREDA CAICEDO,JUAN DE LA CRUZ HERRERA,4,1
CANDELARIA,IE RODRIGO LLOREDA CAICEDO,RODRIGO LLOREDA CAICEDO,5,8
CANDELARIA,IE RODRIGO LLOREDA CAICEDO,SIMON BOLIVAR,2,0
DAGUA,I.E. SAN PEDRO CLAVER,CARLOS HOLMES TRUJILLO,1,0
DAGUA,I.E. SAN PEDRO CLAVER,GENERAL CARLOS ALBAN,4,0
DAGUA,I.E. SAN PEDRO CLAVER,I.E. SAN PEDRO CLAVER - SEDE PRINCIPAL,0,3
DAGUA,I.E. SAN PEDRO CLAVER,SIMON BOLIVAR,0,1
DAGUA,IE  DEL DAGUA,ANTONIA SANTOS,10,24
DAGUA,IE  DEL DAGUA,ANTONIO NARIÑO,1,4
DAGUA,IE  DEL DAGUA,ANTONIO RICAURTE,11,13
DAGUA,IE  DEL DAGUA,GIMNASIO DEL DAGUA,63,54
DAGUA,IE  DEL DAGUA,INDALECIO LIEVANO AGUIRRE.,2,2
DAGUA,IE  DEL DAGUA,LA GRAN COLOMBIA,27,22
DAGUA,IE  DEL DAGUA,SANTA LUCIA,19,25
DAGUA,IE BORRERO AYERBE,BELLAVISTA,1,1
DAGUA,IE BORRERO AYERBE,GIMNASIO DEL DAGUA BORRERO AYERBE,6,8
DAGUA,IE BORRERO AYERBE,NUESTRA SRA DE FATIMA,1,0
DAGUA,IE BORRERO AYERBE,RAFAEL NUÑEZ,3,3
DAGUA,IE CAMILO TORRES,CAMILO TORRES,7,10
DAGUA,IE CAMILO TORRES,JOSE CELESTINO MUTIS,1,1
DAGUA,IE CAMILO TORRES,JUAN DEL CORRAL,4,2
DAGUA,IE CAMILO TORRES,MARIA MONTESORI,2,0
DAGUA,IE CRISTOBAL COLON,ANTONIO VILLAVICENCIO,1,3
DAGUA,IE CRISTOBAL COLON,"GIMNASIO DEL DAGUA, TOCOTA",2,3
DAGUA,IE CRISTOBAL COLON,JESUS MARIA MURGUEITIO,0,1
DAGUA,IE CRISTOBAL COLON,SAN ANTONIO,0,1
DAGUA,IE CRISTOBAL COLON,SAN MIGUEL,2,0
DAGUA,IE EL PALMAR,ANTONIO JOSE DE SUCRE,0,2
DAGUA,IE EL PALMAR,FRANCISCO DE PAULA SANTANDER,3,0
DAGUA,IE EL PALMAR,GIMNASIO DEL DAGUA,1,1
DAGUA,IE EL PALMAR,JESUS DE LA BUENA ESPERANZA,1,0
DAGUA,IE EL PALMAR,JOSE MARIA CABAL,2,0
DAGUA,IE EL PALMAR,MARIO FERNANDEZ DE SOTO,0,1
DAGUA,IE EL QUEREMAL,GIMNASIO DEL DAGUA QUEREMAL,12,5
DAGUA,IE EL QUEREMAL,JOSE MARIA CORDOBA,3,4
DAGUA,IE EL QUEREMAL,MERCEDES ABREGO,1,5
DAGUA,IE EL QUEREMAL,ROBERTO URDANETA ARBELAEZ ,1,0
DAGUA,IE GUILLERMO VALENCIA,GUILLERMO VALENCIA,0,1
DAGUA,IE MIGUEL ANTONIO CARO,LOS ANGELES,0,2
DAGUA,IE MIGUEL ANTONIO CARO,MANUEL MEJIA,1,1
DAGUA,IE MIGUEL ANTONIO CARO,MIGUEL ANTONIO CARO,0,1
DAGUA,IE MIGUEL ANTONIO CARO,PAULO VI,1,0
DAGUA,IE PEDRO FERMIN DE VARGAS,ALFONSO LOPEZ PUMAREJO,3,5
DAGUA,IE PEDRO FERMIN DE VARGAS,ENRIQUE OLAYA HERRERA,8,9
DAGUA,IE PEDRO FERMIN DE VARGAS,JOSE ANTONIO GALAN,1,3
DAGUA,IE PEDRO FERMIN DE VARGAS,PEDRO FERMIN DE VARGAS,1,0
DAGUA,IE PEDRO FERMIN DE VARGAS,POLICARPA SALAVAARRIETA,1,3
DAGUA,IE SANTA TERESITA DEL NIÑO JESUS,ALTO DE LAS TORTOLAS,1,0
DAGUA,IE SANTA TERESITA DEL NIÑO JESUS,BAHONDO,0,1
DAGUA,IE SANTA TERESITA DEL NIÑO JESUS,NUESTRA SEÑORA DE FATIMA,0,8
DAGUA,IE SANTA TERESITA DEL NIÑO JESUS,SANTA TERESITA DEL NIÑO JESUS,11,9
EL ÁGUILA,IE EL AGUILA,ANTONIA SANTOS,0,2
EL ÁGUILA,IE EL AGUILA,JOSÉ MARÍA CÓRDOBA,12,2
EL ÁGUILA,IE EL AGUILA,RICARDO LUIS BETANCOURTH,1,0
EL ÁGUILA,IE EL AGUILA,SIMON BOLIVAR,1,1
EL ÁGUILA,IE EL AGUILA,SOR MARÍA JULIANA,0,2
EL ÁGUILA,IE JUSTINIANO ECHAVARRIA,GABRIELA MISTRAL,0,2
EL ÁGUILA,IE JUSTINIANO ECHAVARRIA,JOSE MARIA CORDOBA,5,2
EL ÁGUILA,IE JUSTINIANO ECHAVARRIA,MARCO FIDEL SUAREZ,1,0
EL ÁGUILA,IE JUSTINIANO ECHAVARRIA,MERCEDES ABREGO,0,2
EL ÁGUILA,IE JUSTINIANO ECHAVARRIA,POLICARPA SALAVARRIETA,2,3
EL ÁGUILA,IE JUSTINIANO ECHAVARRIA,SANTA ISABEL,1,0
EL ÁGUILA,IE SANTA MARTA,BOYACA,1,0
EL ÁGUILA,IE SANTA MARTA,DIONISIO CORTES,0,4
EL ÁGUILA,IE SANTA MARTA,SAN LUIS BELTRAN,1,0
EL CAIRO,IE GILBERTO ALZATE AVENDAÑO,DIVINO NIÑO,0,1
EL CAIRO,IE GILBERTO ALZATE AVENDAÑO,GENERAL PINTO,1,0
EL CAIRO,IE GILBERTO ALZATE AVENDAÑO,GILBERTO ALZATE AVENDAÑO,1,1
EL CAIRO,IE GILBERTO ALZATE AVENDAÑO,GILBERTO ALZATE AVENDAÑO - ALBAN,2,5
EL CAIRO,IE GILBERTO ALZATE AVENDAÑO,GILBERTO ALZATE AVENDAÑO CENTRO,2,1
EL CAIRO,IE GILBERTO ALZATE AVENDAÑO,PIO XII,3,0
EL CAIRO,IE GILBERTO ALZATE AVENDAÑO,RAFAEL NUÑEZ,1,0
EL CAIRO,IE LA PRESENTACION,BOLIVARIANA,4,2
EL CAIRO,IE LA PRESENTACION,JOSE ACEVEDO Y GOMEZ,0,1
EL CAIRO,IE LA PRESENTACION,LA PRESENTACIÓN,6,3
EL CAIRO,IE LA PRESENTACION,NUESTRA SEÑORA DE LAS MERCEDES,2,0
EL CAIRO,IE LA PRESENTACION,SIETE DE AGOSTO,0,1
EL CAIRO,IE LA PRESENTACION,SIMON BOLIVAR,1,0
EL CERRITO,IE HERNANDO BORRERO CUADROS,JORGE ISAACS,1,1
EL CERRITO,IE JORGE  ISAACS,CARLOS A. SARDI GARCES,2,3
EL CERRITO,IE JORGE  ISAACS,CINCUENTENARIO,1,2
EL CERRITO,IE JORGE  ISAACS,JORGE ISAACS,13,15
EL CERRITO,IE JORGE  ISAACS,JOSE CELESTINO MUTIS,3,1
EL CERRITO,IE JORGE  ISAACS,JOSE IGNACIO RENGIFO,2,2
EL CERRITO,IE JORGE  ISAACS,PEDRO VICENTE MONTAÑO,2,0
EL CERRITO,IE JORGE  ISAACS,SANTA BARBARA,1,0
EL CERRITO,IE JORGE  ISAACS EL PLACER,FRANCISCO DE PAULA SANTANDER,12,5
EL CERRITO,IE JORGE  ISAACS EL PLACER,JORGE ISAACS EL PLACER,12,9
EL CERRITO,IE SAGRADO CORAZÓN,GUILLERMO LEON VALENCIA,6,3
EL CERRITO,IE SAGRADO CORAZÓN,MARIA INMACULADA,6,4
EL CERRITO,IE SAGRADO CORAZÓN,PEDRO ANTONIO MOLINA,4,9
EL CERRITO,IE SAGRADO CORAZÓN,RICARDO CIFUENTES RIOMAÑA,0,3
EL CERRITO,IE SAGRADO CORAZÓN,SAGRADO CORAZON,9,4
EL CERRITO,IE SANTA ELENA, JOSE ANTONIO  GALAN,2,0
EL CERRITO,IE SANTA ELENA,CENTRO DOCENTE NO 11 POLICARPA SALAVARRIETA,0,1
EL CERRITO,IE SANTA ELENA,EL PARAISO,1,1
EL CERRITO,IE SANTA ELENA,JORGE ISAACS,1,2
EL CERRITO,IE SANTA ELENA,JORGE ISAACS SEDE PRINCIPAL,5,3
EL CERRITO,IE SANTA ELENA,LA HONDA,1,0
EL CERRITO,IE SANTA ELENA,RAFAEL URIBE URIBE,0,2
EL DOVIO,IE ACERG,JUAN SALVADOR GAVIOTA,3,0
EL DOVIO,IE ACERG,MERCEDES ABREGO,1,2
EL DOVIO,IE JOSE MARIA FALLA,ANTONIO NARIÑO,1,0
EL DOVIO,IE JOSE MARIA FALLA,JOSE JOAQUIN JARAMILLO,6,0
EL DOVIO,IE JOSE MARIA FALLA,JOSE MARIA FALLA,8,8
EL DOVIO,IE JOSE MARIA FALLA,MARIA INMACULADA,1,4
EL DOVIO,IE JOSE MARIA FALLA,NICOLAS BORRERO OLANO,1,1
EL DOVIO,IE JOSE MARIA FALLA,POLICARPA SALAVARRIETA,2,2
EL DOVIO,IE JOSE MARIA FALLA,SANTISIMO SACRAMENTO,3,4
FLORIDA,IE ABSALON TORRES CAMACHO,ABSALON TORRES CAMACHO,14,13
FLORIDA,IE ABSALON TORRES CAMACHO,EMETERIO PIEDRAHITA,5,6
FLORIDA,IE ABSALON TORRES CAMACHO,JULIO ARBOLEDA,4,4
FLORIDA,IE ABSALON TORRES CAMACHO,SAGRADO CORAZON DE JESUS,5,8
FLORIDA,IE ATANASIO GIRARDOT,ATANASIO GIRARDOT,1,0
FLORIDA,IE ATANASIO GIRARDOT,TULIO GONZALES FORERO,0,1
FLORIDA,IE CIUDAD FLORIDA,ANTONIO ISAZA,2,3
FLORIDA,IE CIUDAD FLORIDA,GABRIELA MISTRAL,2,0
FLORIDA,IE CIUDAD FLORIDA,JULIO CASTAÑO,1,0
FLORIDA,IE CIUDAD FLORIDA,LICEO COMERCIAL FEMENINO,8,4
FLORIDA,IE CIUDAD FLORIDA,POLICARPA SALAVARRIETA,11,11
FLORIDA,IE IDEBIC,ALFONSO LOPEZ PUMAREJO,0,1
FLORIDA,IE IDEBIC,CACIQUE TAUDA,1,0
FLORIDA,IE IDEBIC,CAROLA BUENO DE BUENO,1,0
FLORIDA,IE IDEBIC,DACHI BANIA,0,1
FLORIDA,IE IDEBIC,DAI EMBERA KURISIA,1,1
FLORIDA,IE IDEBIC,INDIO AGUALONGO,1,0
FLORIDA,IE IDEBIC,JARADEAI DACHI BEDEA,0,2
FLORIDA,IE IDEBIC,JORGE ELIECER GAITAN,0,1
FLORIDA,IE IDEBIC,KWE`SX NASA KSXA' WNXI,0,1
FLORIDA,IE IDEBIC,KWE´SX UMA KIWE,1,0
FLORIDA,IE IDEBIC,LUIS CARLOS GALAN,0,1
FLORIDA,IE IDEBIC,LUUCX KIWE,1,2
FLORIDA,IE IDEBIC,SAN MARTIN DE PORRES,0,1
FLORIDA,IE JOSE MARIA CORDOBA,ANTONIO JOSE DE SUCRE,0,1
FLORIDA,IE JOSE MARIA CORDOBA,JOSE MARIA CORDOBA,0,1
FLORIDA,IE JOSE MARIA CORDOBA,MANUELA BELTRAN,1,0
FLORIDA,IE JOSE MARIA CORDOBA,MARIA AUXILIADORA,1,0
FLORIDA,IE JOSE MARIA CORDOBA,SATELITE LAS AMERICAS,1,2
FLORIDA,IE LAS AMERICAS,ANTONIA SANTOS,7,4
FLORIDA,IE LAS AMERICAS,INSTITUTO LAS AMERICAS,13,17
FLORIDA,IE LAS AMERICAS,JOSE CELESTINO MUITS,1,1
FLORIDA,IE LAS AMERICAS,JOSE EUSEBIO CARO,1,0
FLORIDA,IE LAS AMERICAS,MERCEDITAS FORERO DE GONZALEZ,1,3
FLORIDA,IE LAS AMERICAS,NORMAN ZULUAGA JARAMILLO,3,6
FLORIDA,IE LAS AMERICAS,SAN JORGE,1,3
FLORIDA,IE REGIONAL SIMON BOLIVAR,PARROQUIAL,1,2
FLORIDA,IE REGIONAL SIMON BOLIVAR,REGIONAL SIMON BOLIVAR,3,3
FLORIDA,IE REGIONAL SIMON BOLIVAR,SIMON BOLIVAR,1,2
GINEBRA,IE DE DESARROLLO RURAL LA SELVA,CONCENTRACION DE DESARROLLO RURAL LA SELVA,3,5
GINEBRA,IE DE DESARROLLO RURAL LA SELVA,ENRIQUE OLAYA HERRERA,2,1
GINEBRA,IE DE DESARROLLO RURAL LA SELVA,JUANA DE ARCO,1,0
GINEBRA,IE GINEBRA LA SALLE,ALFONSO LINCE,5,2
GINEBRA,IE GINEBRA LA SALLE,ANTONIO NARIÑO,2,4
GINEBRA,IE GINEBRA LA SALLE,CARLOS TASCÒN,3,2
GINEBRA,IE GINEBRA LA SALLE,GINEBRA LA SALLE,5,4
GINEBRA,IE GINEBRA LA SALLE,NUESTRA SEÑORA DE FATIMA,2,0
GINEBRA,IE INMACULADA CONCEPCION,ANTONIA SANTOS,2,1
GINEBRA,IE INMACULADA CONCEPCION,GENERAL ANZOATEGUI,1,0
GINEBRA,IE INMACULADA CONCEPCION,SAN ANTONIO,0,1
GINEBRA,IE MANUELA BELTRAN,CANAIMA,1,0
GINEBRA,IE MANUELA BELTRAN,COMINAL,0,1
GINEBRA,IE MANUELA BELTRAN,INMACULADA CONCEPCION,3,3
GINEBRA,IE MANUELA BELTRAN,MANUELA BELTRAN,4,6
GINEBRA,IE MANUELA BELTRAN,MIGUEL ANTONIO CARO,1,2
GINEBRA,IE MANUELA BELTRAN,NIÑO JESUS DE PRAGA,0,1
GUACARÍ,IE ESCUELA NORMAL SUPERIOR MIGUEL DE CERVANTES SAAVEDRA,ANTONIA SANTOS,3,4
GUACARÍ,IE ESCUELA NORMAL SUPERIOR MIGUEL DE CERVANTES SAAVEDRA,JOSE MANUEL SAAVEDRA GALINDO,5,5
GUACARÍ,IE ESCUELA NORMAL SUPERIOR MIGUEL DE CERVANTES SAAVEDRA,MIGUEL DE CERVANTES SAAVEDRA,10,12
GUACARÍ,IE GENERAL SANTANDER,CLIMACO LENIS,1,0
GUACARÍ,IE GENERAL SANTANDER,GENERAL SANTANDER,1,1
GUACARÍ,IE GENERAL SANTANDER,LOS LULOS,0,3
GUACARÍ,IE GENERAL SANTANDER,MARCO  FIDEL SUAREZ,0,1
GUACARÍ,IE GENERAL SANTANDER,MERCEDES ABREGO,1,0
GUACARÍ,IE GENERAL SANTANDER,SAN ROQUE,0,1
GUACARÍ,IE GENERAL SANTANDER,SANTA ROSA DE LIMA,6,5
GUACARÍ,IE GENERAL SANTANDER,SATELITE PEDRO VICENTE ABADIA,8,3
GUACARÍ,IE JOSE CELESTINO MUTIS,PEDRO VICENTE ABADIA,1,0
GUACARÍ,IE JOSE IGNACIO OSPINA,JOSE IGNACIO OSPINA,1,1
GUACARÍ,IE JOSE IGNACIO OSPINA,PEDRO VICENTE ABADIA (GUABITAS),1,1
GUACARÍ,IE JOSE IGNACIO OSPINA,POLICARPA SALAVARRIETA,0,1
GUACARÍ,IE PEDRO VICENTE ABADIA,AUGUSTO DOMINGUEZ,3,1
GUACARÍ,IE PEDRO VICENTE ABADIA,FRANCISCO JOSE DE CALDAS,1,2
GUACARÍ,IE PEDRO VICENTE ABADIA,PEDRO VICENTE ABADIA,7,7
GUACARÍ,IE PEDRO VICENTE ABADIA,SAULO RICARDO MOLINA,3,6
GUACARÍ,IE SIMON BOLIVAR,MANUELA BELTRAN,0,3
GUACARÍ,IE SIMON BOLIVAR,SIMON BOLIVAR,4,5
LA CUMBRE,IE FRANCISCO DE PAULA SANTANDER,FRANCISCO DE PAULA SANTANDER,7,3
LA CUMBRE,IE FRANCISCO DE PAULA SANTANDER,MANUELA BELTRAN,1,0
LA CUMBRE,IE FRANCISCO DE PAULA SANTANDER,POLICARPA SALAVARRIETA,2,0
LA CUMBRE,IE LA LIBERTAD,CONCENTRACION DE DESARROLLO RURAL,3,4
LA CUMBRE,IE LA LIBERTAD,LAUREANO GOMEZ,0,1
LA CUMBRE,IE MARIA AUXILIADORA,ATANASIO GIRARDOT,1,1
LA CUMBRE,IE MARIA AUXILIADORA,MARIA AUXILIADORA,0,1
LA CUMBRE,IE MARIA AUXILIADORA,MARISCAL SUCRE,1,1
LA CUMBRE,IE MARIA AUXILIADORA,RAFAEL NUÑEZ,1,2
LA CUMBRE,IE SAN PIO X,SIMON BOLIVAR,0,1
LA CUMBRE,IE SIMON BOLIVAR,INSTITUTO PROMOCION SOCIAL,1,1
LA CUMBRE,IE SIMON BOLIVAR,MARCO FIDEL SUAREZ,1,2
LA UNIÓN,I.E. QUEBRADAGRANDE,BELISARIO CAICEDO,0,2
LA UNIÓN,I.E. QUEBRADAGRANDE,CONCENTRACIÓN ESCOLAR DE DESARROLLO RURAL QUEBRADA GRANDE,1,2
LA UNIÓN,I.E. QUEBRADAGRANDE,JOSE ACEVEDO Y GOMEZ,0,1
LA UNIÓN,I.E. QUEBRADAGRANDE,MERCEDES ABREGO,1,0
LA UNIÓN,I.E. QUEBRADAGRANDE,PBRO JOSE ANCIZAR HENAO,0,3
LA UNIÓN,I.E. QUEBRADAGRANDE,RICARDO NIETO,0,1
LA UNIÓN,IE ARGEMIRO ESCOBAR CARDONA,ANTONIO NARIÑO,0,5
LA UNIÓN,IE ARGEMIRO ESCOBAR CARDONA,ARGEMIRO ESCOBAR CARDONA,0,2
LA UNIÓN,IE ARGEMIRO ESCOBAR CARDONA,EDELMIRA RAMIREZ,6,1
LA UNIÓN,IE ARGEMIRO ESCOBAR CARDONA,JOSE EUSEBIO CARO,1,0
LA UNIÓN,IE ARGEMIRO ESCOBAR CARDONA,SAN MARTIN DE PORRES,2,1
LA UNIÓN,IE ARGEMIRO ESCOBAR CARDONA,SIMON BOLIVAR,8,6
LA UNIÓN,IE JUAN DE DIOS GIRON,JUAN DE DIOS GIRON,6,7
LA UNIÓN,IE JUAN DE DIOS GIRON,SAN RAFAEL,0,1
LA UNIÓN,IE JUAN DE DIOS GIRON,SANTA TERESITA,1,1
LA UNIÓN,IE MAGDALENA ORTEGA,MAGDALENA ORTEGA,5,5
LA UNIÓN,IE MAGDALENA ORTEGA,NUESTRA SEÑORA DEL PERPETUO SOCORRO,2,5
LA UNIÓN,IE SAN JOSE,SAN JOSE,11,6
LA UNIÓN,IE SAN JOSE,SANTA CLARA,0,4
LA VICTORIA,IE MANUEL ANTONIO BONILLA,MANUEL ANTONIO BONILLA,2,4
LA VICTORIA,IE MANUEL ANTONIO BONILLA,MARCO FIDEL SUAREZ,0,2
LA VICTORIA,IE MANUEL ANTONIO BONILLA,SAGRADO CORAZON DE JESUS,2,0
LA VICTORIA,IE NUESTRA SEÑORA DE LA PAZ,ELPIDIA LEMOS,0,1
LA VICTORIA,IE NUESTRA SEÑORA DE LA PAZ,NUESTRA SEÑORA DE LA PAZ,0,1
LA VICTORIA,IE NUESTRA SEÑORA DE LA PAZ,SANTA ANA,1,4
LA VICTORIA,IE NUESTRA SEÑORA DE LA PAZ,SIMÓN BOLIVAR,4,0
LA VICTORIA,IE SAN JOSE,ANTONIO NARIÑO,0,1
LA VICTORIA,IE SAN JOSE,CONCENTRACIÓN DE DESARROLLO RURAL SAN JOSE,1,1
LA VICTORIA,IE SANTA TERESITA,MANUEL J. GIL,0,3
LA VICTORIA,IE SANTA TERESITA,SANTA TERESITA,2,9
OBANDO,IE MARIA ANALIA ORTIZ HORMAZA,JUAN DEL CORRAL,0,1
OBANDO,IE MARIA ANALIA ORTIZ HORMAZA,MARIA ANALIA ORTIZ HORMAZA,10,16
OBANDO,IE MARIA ANALIA ORTIZ HORMAZA,PEDRO JOSÉ MURGUEITIO,0,2
OBANDO,IE POLICARPA SALAVARRIETA,POLICARPA SALAVARRIETA,5,0
OBANDO,IE SAN JOSE,ANTONIA SANTOS,2,0
OBANDO,IE SAN JOSE,ARNULFO DRADA,0,1
OBANDO,IE SAN JOSE,GENERAL SANTANDER,3,2
OBANDO,IE SAN JOSE,MANUELA BELTRAN,1,1
OBANDO,IE SAN JOSE,SAN JOSE,7,6
OBANDO,IE SAN JOSE,SAN JUAN BOSCO,0,1
PRADERA,I.E. MERCEDES ABREGO,GREGORIO RAMOS,2,0
PRADERA,I.E. MERCEDES ABREGO,SIMBAD ARTURO BUENO,1,0
PRADERA,IE ALFREDO POSADA CORREA,ALFREDO POSADA CORREA,19,16
PRADERA,IE ALFREDO POSADA CORREA,BELLO HORIZONTE,16,20
PRADERA,IE ALFREDO POSADA CORREA,COMUNEROS,2,1
PRADERA,IE ALFREDO POSADA CORREA,DOLORES BUENO DE TEJADA,1,0
PRADERA,IE ALFREDO POSADA CORREA,FRANCISCO ANTONIO ZEA,2,1
PRADERA,IE ALFREDO POSADA CORREA,LEONIDAS MOSQUERA,11,8
PRADERA,IE ALFREDO POSADA CORREA,SAN JUAN BOSCO,5,11
PRADERA,IE ANTONIO NARIÑO,ANTONIO NARIÑO,0,1
PRADERA,IE ANTONIO NARIÑO,FRANCISCO ANTONIO ZEA,6,1
PRADERA,IE ATENEO,ATENEO COMERCIAL FEMENINO,12,1
PRADERA,IE ATENEO,BENJAMIN VALENCIA,4,3
PRADERA,IE ATENEO,ELOY SILVA,8,0
PRADERA,IE ATENEO,NIDIA NAVARRETE,2,1
PRADERA,IE ATENEO,SANTA ISABEL,0,11
PRADERA,IE FRANCISCO ANTONIO ZEA,ANTONIO RICAURTE,5,4
PRADERA,IE FRANCISCO ANTONIO ZEA,BERLIN,1,1
PRADERA,IE FRANCISCO ANTONIO ZEA,FRANCISCO ANTONIO ZEA,4,5
PRADERA,IE FRANCISCO ANTONIO ZEA,FRANCISCO ANTONIO ZEA CENTRO,3,2
PRADERA,IE FRANCISCO ANTONIO ZEA,SANTISIMA TRINIDAD,1,1
PRADERA,IE MARCO FIDEL SUAREZ,BLASS  DE LESSO,0,1
PRADERA,IE MARCO FIDEL SUAREZ,FRANCISCO P. SANTANDER,1,0
PRADERA,IE MARCO FIDEL SUAREZ,MARCO FIDEL SUAREZ,0,2
RESTREPO,I.E. TEODORO MUNERA HINCAPIE,ANTONIO RICAURTE,3,4
RESTREPO,I.E. TEODORO MUNERA HINCAPIE,I.E. TEODORO MUNERA HINCAPIE - SEDE PORINCIPAL,2,5
RESTREPO,I.E. TEODORO MUNERA HINCAPIE,ISABEL NAGETH ARIZA,1,1
RESTREPO,IE JORGE ELIECER GAITAN,JORGE ELIECER GAITAN,9,9
RESTREPO,IE JORGE ELIECER GAITAN,NUESTRA SEÑORA DE LA CONSOLACION,28,17
RESTREPO,IE JOSE ACEVEDO Y GOMEZ,ATANASIO GIRARDOT,3,0
RESTREPO,IE JOSE ACEVEDO Y GOMEZ,CAMILO TORRES,4,2
RESTREPO,IE JOSE ACEVEDO Y GOMEZ,CRISTOBAL COLON,0,2
RESTREPO,IE JOSE ACEVEDO Y GOMEZ,JOSE ACEVEDO Y GOMEZ,6,6
RESTREPO,IE JOSE ACEVEDO Y GOMEZ,LOS MORENOS,2,1
RESTREPO,IE JOSE FELIX RESTREPO,CONCENTRACION ESCOLAR URBANA,19,24
RESTREPO,IE JOSE FELIX RESTREPO,GRAN COLOMBIA,6,8
RESTREPO,IE JOSE FELIX RESTREPO,LA INDEPENDENCIA,1,1
RESTREPO,IE JOSE FELIX RESTREPO,MANUELA BELTRAN,0,1
RESTREPO,IE JOSE FELIX RESTREPO,POLICARPA SALAVARRIETA,0,3
RESTREPO,IE JULIO FERNANDEZ MEDINA,ANTONIA SANTOS,1,1
RESTREPO,IE JULIO FERNANDEZ MEDINA,BUENVIVIR,1,0
RESTREPO,IE JULIO FERNANDEZ MEDINA,MARCO FIDEL SUAREZ,1,1
RESTREPO,IE JULIO FERNANDEZ MEDINA,MEDINA,8,10
RIOFRÍO,IE ALFREDO GARRIDO TOVAR,ALFREDO GARRIDO TOVAR,6,3
RIOFRÍO,IE ALFREDO GARRIDO TOVAR,LA CARMELITA,1,5
RIOFRÍO,IE ALFREDO GARRIDO TOVAR,POLICARPA SALAVARRIETA,3,0
RIOFRÍO,IE ALFREDO GARRIDO TOVAR,SANTA FE,2,1
RIOFRÍO,IE ALFREDO GARRIDO TOVAR,VERACRUZ,2,4
RIOFRÍO,IE CAMILO TORRES,GABRIELA MISTRAL,1,0
RIOFRÍO,IE CAMILO TORRES,I.E. CAMILO TORRES,6,4
RIOFRÍO,IE CAMILO TORRES,JOSÈ ACEVEDO Y GOMEZ,0,1
RIOFRÍO,IE CAMILO TORRES,MARIA AUXILIADORA,0,2
RIOFRÍO,IE CAMILO TORRES,SANTO DOMINGO SAVIO,0,1
RIOFRÍO,IE HERNANDO LLORENTE ARROYO,HERNANDO LLORENTE ARROYO,27,34
RIOFRÍO,IE HERNANDO LLORENTE ARROYO,JOSE MARIA CORDOBA,13,12
RIOFRÍO,IE HERNANDO LLORENTE ARROYO,MERCEDES ABREGO,9,11
RIOFRÍO,IE HERNANDO LLORENTE ARROYO,SAN VICENTE FERRER,1,0
RIOFRÍO,IE HERNANDO LLORENTE ARROYO,SANTO TOMAS DE AQUINO,1,1
RIOFRÍO,IE NEMESIO RODRIGUEZ ESCOBAR,ANTONIA SANTOS,1,0
RIOFRÍO,IE NEMESIO RODRIGUEZ ESCOBAR,LA GRAN COLOMBIA,5,1
RIOFRÍO,IE NEMESIO RODRIGUEZ ESCOBAR,LAS AMERICAS,0,1
RIOFRÍO,IE NEMESIO RODRIGUEZ ESCOBAR,MARIA INMACULADA,0,1
RIOFRÍO,IE NEMESIO RODRIGUEZ ESCOBAR,NEMESIO RODRIGUEZ,7,2
RIOFRÍO,IE PRIMITIVO CRESPO,MELIDA CRUZ,1,0
RIOFRÍO,IE PRIMITIVO CRESPO,PEDRO MARIA MARMOLEJO,10,9
RIOFRÍO,IE PRIMITIVO CRESPO,PRIMITIVO CRESPO,5,12
RIOFRÍO,IE PRIMITIVO CRESPO,SAGRADO CORAZON DE JESUS,3,2
RIOFRÍO,IE PRIMITIVO CRESPO,SAN ISIDRO,0,2
ROLDANILLO,CE RODRIGO LLOREDA CAICEDO,GABRIELA MISTRAL,3,2
ROLDANILLO,CE RODRIGO LLOREDA CAICEDO,NUESTRA SRA. DEL CARMEN,1,1
ROLDANILLO,IE BELISARIO PEÑA PIÑEIRO,ALFONSO LÓPEZ PUMAREJO,0,1
ROLDANILLO,IE BELISARIO PEÑA PIÑEIRO,BELISARIO PEÑA PIÑEIRO,11,9
ROLDANILLO,IE BELISARIO PEÑA PIÑEIRO,BELISARIO PEÑA PIÑEIRO- CAJAMARCA,3,4
ROLDANILLO,IE BELISARIO PEÑA PIÑEIRO,EUSTAQUIO PALACIOS,8,4
ROLDANILLO,IE BELISARIO PEÑA PIÑEIRO,SAN SEBASTIAN,0,3
ROLDANILLO,IE BELISARIO PEÑA PIÑEIRO,SANTA LUCIA,1,0
ROLDANILLO,IE NORMAL SUPERIOR JORGE ISAACS,CARLOS VILLAFAÑE,0,2
ROLDANILLO,IE NORMAL SUPERIOR JORGE ISAACS,LIBARDO MADRID VALDERRAMA,5,4
ROLDANILLO,IE NORMAL SUPERIOR JORGE ISAACS,NORMAL SUPERIOR JORGE ISAACS,23,46
ROLDANILLO,IE NUESTRA SEÑORA DE CHIQUINQUIRA,JHON F. KENNEDY,1,2
ROLDANILLO,IE NUESTRA SEÑORA DE CHIQUINQUIRA,LIC FEM NUESTRA SEÑORA DE CHIQUINQUIRA,5,3
ROLDANILLO,IE NUESTRA SEÑORA DE CHIQUINQUIRA,LIC NUESTRA SEÑORA DE CHIQUINQUIRA,0,4
ROLDANILLO,IE NUESTRA SEÑORA DE CHIQUINQUIRA,PBRO GONZALO PATIÑO,0,1
ROLDANILLO,IE NUESTRA SEÑORA DE CHIQUINQUIRA,TOMAS IGNACIO ESQUIVEL,3,1
ROLDANILLO,IE SANTA ROSALIA DE PALERMO,ATANASIO GIRARDOT,0,1
ROLDANILLO,IE SANTA ROSALIA DE PALERMO,BELISARIO PEÑA PIÑEIRO,0,1
ROLDANILLO,IE SANTA ROSALIA DE PALERMO,BELISARIO PEÑA PIÑEIRO SATELITE,1,2
ROLDANILLO,IE SANTA ROSALIA DE PALERMO,JOSE ACEVEDO Y GÓMEZ,1,1
ROLDANILLO,IE SANTA ROSALIA DE PALERMO,JOSE JOAQUIN JARAMILLO,1,0
ROLDANILLO,IE SANTA ROSALIA DE PALERMO,JOSE MARIA ERAZO,0,1
ROLDANILLO,IE SANTA ROSALIA DE PALERMO,JOSEFITA PEÑA,0,1
ROLDANILLO,IE SANTA ROSALIA DE PALERMO,MARCO FIDEL SUÁREZ,1,0
SAN PEDRO,IE JOSE ANTONIO AGUILERA,ALEJANDRO HENAO,2,0
SAN PEDRO,IE JOSE ANTONIO AGUILERA,CAMILO TORRES,1,0
SAN PEDRO,IE JOSE ANTONIO AGUILERA,CRISTO REY,0,1
SAN PEDRO,IE JOSE ANTONIO AGUILERA,JOSE ANTONIO AGUILERA,19,26
SAN PEDRO,IE JOSE ANTONIO AGUILERA,LEONARDO TASCÓN,2,3
SAN PEDRO,IE JOSE ANTONIO AGUILERA,POLICARPA SALAVARRIETA,6,10
SAN PEDRO,IE JOSE ANTONIO AGUILERA,RAFAEL ALBERTO MARMOLEJO,0,1
SAN PEDRO,IE JOSE ANTONIO AGUILERA,RAFAEL URIBE URIBE,2,7
SAN PEDRO,IE JOSE ANTONIO AGUILERA,SAN JUDAS TADEO,6,5
SAN PEDRO,IE JULIO CAICEDO TELLEZ,ANTONIO NARIÑO,1,2
SAN PEDRO,IE JULIO CAICEDO TELLEZ,ELENA OSPINA,1,0
SAN PEDRO,IE JULIO CAICEDO TELLEZ,JORGE ELIECER GAITÁN,2,0
SAN PEDRO,IE JULIO CAICEDO TELLEZ,JULIO CAICEDO TELLEZ,5,2
SAN PEDRO,IE JULIO CAICEDO TELLEZ,SIMON BOLIVAR,3,4
SAN PEDRO,IE JULIO CAICEDO TELLEZ,VICENTE H CRUZ,0,1
SAN PEDRO,IE MIGUEL ANTONIO CARO,ANDRÉS  BELLO,2,2
SAN PEDRO,IE MIGUEL ANTONIO CARO,GABRIELA MISTRAL,5,3
SAN PEDRO,IE MIGUEL ANTONIO CARO,GENERAL SANTANDER,0,4
SAN PEDRO,IE MIGUEL ANTONIO CARO,MIGUEL A CARO,2,1
SEVILLA,IE BENJAMIN HERRERA,BENJAMIN HERRERA,6,2
SEVILLA,IE BENJAMIN HERRERA,EL BARCINO,2,2
SEVILLA,IE BENJAMIN HERRERA,GENERAL SANTANDER SATELITE DE CUMBARCO,4,2
SEVILLA,IE BENJAMIN HERRERA,GENERAL SANTANDER SATÉLITE MEDIO SAN MARCOS,2,0
SEVILLA,IE BENJAMIN HERRERA,SANTA LUCÍA,1,1
SEVILLA,IE BENJAMIN HERRERA,SANTA MARTA,2,2
SEVILLA,IE DOCE DE OCTUBRE,SANTA RITA,2,1
SEVILLA,IE GENERAL SANTANDER,ARMANDO ROMERO LOZANO,4,0
SEVILLA,IE GENERAL SANTANDER,CRISTOBAL COLON,0,1
SEVILLA,IE GENERAL SANTANDER,ESTRELLA DE BELEN,0,4
SEVILLA,IE GENERAL SANTANDER,GENERAL SANTANDER,32,25
SEVILLA,IE GENERAL SANTANDER,HUGO TORO ECHEVERRY,3,5
SEVILLA,IE GENERAL SANTANDER,JAIME OSSA ESCOBAR,7,2
SEVILLA,IE GENERAL SANTANDER,RICARDO NIETO,1,5
SEVILLA,IE GENERAL SANTANDER,SAN JUAN BOSCO,7,5
SEVILLA,IE GENERAL SANTANDER,TRES DE MAYO,4,3
SEVILLA,IE HERACLIO URIBE URIBE,ARTURO PIEDRAHITA,1,0
SEVILLA,IE HERACLIO URIBE URIBE,CONCENTRACIÓN RURAL AGRIC HERACLIO URIBE URIBE,7,3
SEVILLA,IE HERACLIO URIBE URIBE,EL RECREO,2,0
SEVILLA,IE JORGE ELIECER GAITAN,ANTONIO RICAURTE,1,0
SEVILLA,IE JORGE ELIECER GAITAN,GENERAL SANTANDER SATELITE LA CUCHILLA,2,5
SEVILLA,IE JORGE ELIECER GAITAN,JORGE ELIECER GAITAN,0,2
SEVILLA,IE MARIA AUXILIADORA,JOSE MARIA CARBONEL,0,1
SEVILLA,IE MARIA AUXILIADORA,MARIA AUXILIADORA,0,1
SEVILLA,IE MARIA AUXILIADORA,MIRAMAR,1,1
SEVILLA,IE MARIA AUXILIADORA,SIMON BOLIVAR,1,0
SEVILLA,IE SANTA BARBARA,ESC SANTA BARBARA,5,3
SEVILLA,IE SANTA BARBARA,GENERAL SANTANDER ,1,0
SEVILLA,IE SANTA TERESITA,CENT EDUC LA BETULIA,0,1
SEVILLA,IE SANTA TERESITA,COLOMBIA,2,0
SEVILLA,IE SANTA TERESITA,GENERAL SANTANDER SATELITE COLORADAS,4,0
SEVILLA,IE SANTA TERESITA,LA CABAÑA,1,0
SEVILLA,IE SANTA TERESITA,LA MAGDALENA,0,1
SEVILLA,IE SANTA TERESITA,MERCEDES ABREGO,2,1
SEVILLA,IE SANTA TERESITA,RODRIGO DE BASTDIDAS,2,0
SEVILLA,IE SANTA TERESITA,SANTA TERESITA,1,1
SEVILLA,IE SANTA TERESITA,SATELITE GENERAL SANTANDER,2,1
SEVILLA,IE SEVILLA,ANTONIA SANTOS,5,2
SEVILLA,IE SEVILLA,HERACLIO URIBE URIBE,3,0
SEVILLA,IE SEVILLA,JOHN FITZGERALD KENNEDY,2,5
SEVILLA,IE SEVILLA,LOS FUNDADORES,0,2
SEVILLA,IE SEVILLA,MARIA INMACULADA,5,5
SEVILLA,IE SEVILLA,PEDRO EMILIO GIL,1,0
SEVILLA,IE SEVILLA,PRIMITIVO CRESPO,4,3
SEVILLA,IE SEVILLA,SAN JOSE,2,4
SEVILLA,IE SEVILLA,SANTA MARIANA DE JESUS,2,0
SEVILLA,IE SEVILLA,SEVILLA,23,9
TORO,IE  TECNICA AGROPECUARIA TORO,CRISTOBAL COLON,1,3
TORO,IE  TECNICA AGROPECUARIA TORO,INSTITUTO AGRICOLA,1,5
TORO,IE  TECNICA AGROPECUARIA TORO,JOSE MARIA CORDOBA,1,1
TORO,IE  TECNICA AGROPECUARIA TORO,NUESTRA SEÑORA DE FATIMA,3,7
TORO,IE  TECNICA AGROPECUARIA TORO,RESTREPO MEJIA,2,2
TORO,IE  TECNICA AGROPECUARIA TORO,SIMON BOLIVAR,3,1
TORO,IE FRAY JOSE JOAQUIN ESCOBAR,ELOY HERNANDEZ,0,1
TORO,IE FRAY JOSE JOAQUIN ESCOBAR,FRAY JOSE JOAQUIN ESCOBAR,2,6
TORO,IE FRAY JOSE JOAQUIN ESCOBAR,LA GRAN COLOMBIA,0,1
TORO,IE NUESTRA SEÑORA DE LA CONSOLACION,LA INMACULADA,1,4
TORO,IE NUESTRA SEÑORA DE LA CONSOLACION,LA PROVIDENCIA,3,1
TORO,IE NUESTRA SEÑORA DE LA CONSOLACION,NUESTRA SEÑORA DE LA CONSOLACION,4,4
TORO,IE NUESTRA SEÑORA DE LA CONSOLACION,SAN JUAN BOSCO,1,2
TRUJILLO,IE ANTONIOJOSE DE SUCRE,ANTONIO JOSE DE SUCRE,2,0
TRUJILLO,IE ANTONIOJOSE DE SUCRE,ARAUCA,1,0
TRUJILLO,IE ANTONIOJOSE DE SUCRE,BELISARIO PEÑA,2,0
TRUJILLO,IE ANTONIOJOSE DE SUCRE,JULIAN TRUJILLO - ANDINAPOLIS,2,1
TRUJILLO,IE CRISTOBAL COLON,CARLOS HOLGUIN SARDI,0,1
TRUJILLO,IE CRISTOBAL COLON,CRISTOBAL COLON,6,9
TRUJILLO,IE CRISTOBAL COLON,ELOY HERNANDEZ,1,0
TRUJILLO,IE JULIAN TRUJILLO,FRANCISCO JULIAN OLAYA,5,3
TRUJILLO,IE JULIAN TRUJILLO,GENERAL SANTANDER,0,1
TRUJILLO,IE JULIAN TRUJILLO,JORGE ROBLEDO,2,2
TRUJILLO,IE JULIAN TRUJILLO,JOSE J. RIOS,1,2
TRUJILLO,IE JULIAN TRUJILLO,JULIAN TRUJILLO,15,15
TRUJILLO,IE JULIAN TRUJILLO,MERCEDES ABREGO,2,0
TRUJILLO,IE MANUEL MARIA MALLARINO,ELÍAS E. QUIJANO,2,2
TRUJILLO,IE MANUEL MARIA MALLARINO,FEDICIO NAVARRETE,3,2
TRUJILLO,IE MANUEL MARIA MALLARINO,JOSÉ J. ACEVEDO,1,0
TRUJILLO,IE MANUEL MARIA MALLARINO,JOSÉ MARCOS VARGAS,1,0
TRUJILLO,IE MANUEL MARIA MALLARINO,LUIS CARLOS PEÑA,1,0
TRUJILLO,IE MANUEL MARIA MALLARINO,MANUEL MARÍA MALLARINO,5,8
TRUJILLO,IE MANUEL MARIA MALLARINO,MARCO FIDEL SUAREZ,1,0
TRUJILLO,IE MANUEL MARIA MALLARINO,SIMÓN BOLIVAR,1,3
TRUJILLO,IE SAGRADO CORAZON DE JESUS,ALFONSO LOPEZ PUMAREJO,3,1
TRUJILLO,IE SAGRADO CORAZON DE JESUS,SAGRADO CORAZON DE JESUS,7,3
TRUJILLO,IE SAN ISIDRO,JUAN XXIII,2,0
TRUJILLO,IE SAN ISIDRO,LEOCADIO SALAZAR,0,1
TRUJILLO,IE SAN ISIDRO,SAN ISIDRO,0,3
ULLOA,IE LEOCADIO SALAZAR,ANTONIO JOSE DE SUCRE,1,3
ULLOA,IE LEOCADIO SALAZAR,LEOCADIO SALAZAR,12,6
ULLOA,IE LEOCADIO SALAZAR,SANTA CECILIA,4,3
ULLOA,IE MARIA INMACULADA,ESTHER ZORRILLA,1,0
ULLOA,IE MARIA INMACULADA,MARIA INMACULADA,7,6
ULLOA,IE MARIA INMACULADA,SANTA TERESITA,1,0
VERSALLES,IE CARLOS HOLGUIN SARDI,CARLOS HOLGUIN SARDI,2,4
VERSALLES,IE CARLOS HOLGUIN SARDI,JORGE TADEO LOZANO2,1,0
VERSALLES,IE CARLOS HOLGUIN SARDI,MIGUEL ANTONIO CARO,3,1
VERSALLES,IE CARLOS HOLGUIN SARDI,ROSA ZARATE DE PEÑA,0,1
VERSALLES,IE LA INMACULADA,ANOTNIO JOSÉ DE SUCRE,2,0
VERSALLES,IE LA INMACULADA,CAMILO TORRES,1,0
VERSALLES,IE LA INMACULADA,GERARDO BUENO,1,0
VERSALLES,IE LA INMACULADA,JOSÉ EUSEBIO CARO,1,0
VERSALLES,IE LA INMACULADA,LA INMACULADA,13,12
VERSALLES,IE LA INMACULADA,RAMÓN ELÍAS HERNÁNDEZ,1,1
VERSALLES,IE LA INMACULADA,SANTO TOMÁS DE AQUINO,1,1
VERSALLES,IE LA INMACULADA,SIMÓN BOLÍVAR,1,1
VIJES,IE ANTONIO JOSE DE SUCRE,ANTONIO JOSE DE SUCRE,8,5
VIJES,IE ANTONIO JOSE DE SUCRE,ANTONIO NARIÑO,1,0
VIJES,IE ANTONIO JOSE DE SUCRE,ANTONIO RICAURTE,0,2
VIJES,IE ANTONIO JOSE DE SUCRE,ATANASIO GIRARDOT,2,0
VIJES,IE ANTONIO JOSE DE SUCRE,GENERAL SANTANDER,1,0
VIJES,IE ANTONIO JOSE DE SUCRE,LA PEDRERA,0,1
VIJES,IE ANTONIO JOSE DE SUCRE,MARIANO OSPINA PEREZ,2,1
VIJES,IE ANTONIO JOSE DE SUCRE,VICTOR HUMBERTO BARRERA,0,1
VIJES,IE JORGE ROBLEDO,ALVARO ORTIZ CORREA,1,3
VIJES,IE JORGE ROBLEDO,JORGE ROBLEDO,2,5
VIJES,IE JORGE ROBLEDO,POLICARPA SALAVARRIETA,0,4
VIJES,IE VEINTE DE JULIO,VEINTE DE JULIO,1,2
YOTOCO,IE ALFONSO ZAWADZKY,ALFONSO ZAWADZKY,7,5
YOTOCO,IE ALFONSO ZAWADZKY,ANTONIA SANTOS,3,1
YOTOCO,IE ALFONSO ZAWADZKY,JOHN F  KENNEDY,3,1
YOTOCO,IE ALFONSO ZAWADZKY,JORGE ELIÉCER GAITÁN,1,4
YOTOCO,IE ALFONSO ZAWADZKY,POLICARPA SALAVARRIETA,3,2
YOTOCO,IE GABRIELA MISTRAL,ARCELIA GIRON,1,0
YOTOCO,IE GABRIELA MISTRAL,ATANASIO GIRARDOT,1,1
YOTOCO,IE GABRIELA MISTRAL,GABRIELA MISTRAL,5,3
YOTOCO,IE GABRIELA MISTRAL,VICENTE H CRUZ,1,0
YOTOCO,IE SAN JUAN BOSCO,CARLOS ALFONSO GIL,1,1
YOTOCO,IE SAN JUAN BOSCO,CRISTO REY,0,2
YOTOCO,IE SAN JUAN BOSCO,SAN ANTONIO DE PIEDRAS,1,0
YOTOCO,IE SAN JUAN BOSCO,SAN JUAN BOSCO,3,3
ZARZAL,IE ANTONIO NARIÑO,ANTONIO NARIÑO,6,4
ZARZAL,IE ANTONIO NARIÑO,REPÚBLICA DE COLOMBIA,5,0
ZARZAL,IE EFRAIN VARELA VACA,DIVINO NIÑO JESÚS,4,1
ZARZAL,IE EFRAIN VARELA VACA,EFRAIN VARELA VACA,4,3
ZARZAL,IE EFRAIN VARELA VACA,MARÍA INMACULADA,3,1
ZARZAL,IE EFRAIN VARELA VACA,PABLO EMILIO CAMACHO,20,10
ZARZAL,IE EFRAIN VARELA VACA,ROGACIANO PEREA RODRIGUEZ,1,0
ZARZAL,IE EFRAIN VARELA VACA,SANTA CECILIA,1,3
ZARZAL,IE LUIS GABRIEL UMAÑA MORALES,LUIS GABRIEL UMAÑA MORALES,8,5
ZARZAL,IE LUIS GABRIEL UMAÑA MORALES,REPÚBLICA DE VENEZUELA,2,0
ZARZAL,IE NORMAL SUPERIOR NUESTRA SEÑORA DE LAS MERCEDES,FRANCISCO DE PAULA SANTANDER,0,1
ZARZAL,IE NORMAL SUPERIOR NUESTRA SEÑORA DE LAS MERCEDES,JOHN F. KENNEDY,1,1
ZARZAL,IE NORMAL SUPERIOR NUESTRA SEÑORA DE LAS MERCEDES,LAS MERCEDES,1,1
ZARZAL,IE NORMAL SUPERIOR NUESTRA SEÑORA DE LAS MERCEDES,NUESTRA SEÑORA DE LAS MERCEDES,9,5
ZARZAL,IE NORMAL SUPERIOR NUESTRA SEÑORA DE LAS MERCEDES,POLICARPA SALAVARRIETA,0,1
ZARZAL,IE SIMON BOLIVAR,CAMILO TORRES,2,5
ZARZAL,IE SIMON BOLIVAR,FRANCISCO JOSE DE CALDAS,3,4
ZARZAL,IE SIMON BOLIVAR,NUESTRA SEÑORA DE FÁTIMA,1,1
ZARZAL,IE SIMON BOLIVAR,SAGRADO CORAZÓN DE JESÚS,2,2
ZARZAL,IE SIMON BOLIVAR,SIMON BOLIVAR,9,5
